300713,14,824,null,inf,null,inf,null,inf,null,inf
300714,14,761,null,inf,null,inf,null,inf,null,inf
300715,14,719,null,inf,null,inf,null,inf,null,inf
300716,14,844,null,inf,null,inf,null,inf,null,inf
301106,13,864,null,inf,null,inf,null,inf,null,inf
301107,13,839,null,inf,null,inf,null,inf,null,inf
301108,13,738,null,inf,null,inf,null,inf,null,inf
301109,13,645,null,inf,null,inf,null,inf,null,inf
301110,13,753,null,inf,null,inf,null,inf,null,inf
301339,14,764,null,inf,null,inf,null,inf,null,inf
301340,14,628,null,inf,null,inf,null,inf,null,inf
301342,14,251,null,inf,null,inf,null,inf,null,inf
301343,14,161,null,inf,null,inf,null,inf,null,inf
301345,14,502,null,inf,null,inf,null,inf,null,inf
301382,14,472,null,inf,null,inf,null,inf,null,inf
301384,14,527,null,inf,null,inf,null,inf,null,inf
301386,14,164,null,inf,null,inf,null,inf,null,inf
301387,14,323,null,inf,null,inf,null,inf,null,inf
301388,14,482,null,inf,null,inf,null,inf,null,inf
301389,14,545,null,inf,null,inf,null,inf,null,inf
301390,14,701,null,inf,null,inf,null,inf,null,inf
301532,14,894,null,inf,null,inf,null,inf,null,inf
301534,14,796,null,inf,null,inf,null,inf,null,inf
301535,14,681,null,inf,null,inf,null,inf,null,inf
301536,14,756,null,inf,null,inf,null,inf,null,inf
301537,14,853,null,inf,null,inf,null,inf,null,inf
301538,14,972,null,inf,null,inf,null,inf,null,inf
301576,14,905,null,inf,null,inf,null,inf,null,inf
301577,14,750,null,inf,null,inf,null,inf,null,inf
301578,14,669,null,inf,null,inf,null,inf,null,inf
301579,14,719,null,inf,null,inf,null,inf,null,inf
301580,14,774,null,inf,null,inf,null,inf,null,inf
301586,14,887,null,inf,null,inf,null,inf,null,inf
301588,14,780,null,inf,null,inf,null,inf,null,inf
301589,14,719,null,inf,null,inf,null,inf,null,inf
301590,14,834,null,inf,null,inf,null,inf,null,inf
301591,14,899,null,inf,null,inf,null,inf,null,inf
301931,12,736,null,inf,null,inf,null,inf,null,inf
301933,12,616,null,inf,null,inf,null,inf,null,inf
301934,12,526,null,inf,null,inf,null,inf,null,inf
301965,14,913,null,inf,null,inf,null,inf,null,inf
301966,14,809,null,inf,null,inf,null,inf,null,inf
301967,14,686,null,inf,null,inf,null,inf,null,inf
301969,14,506,null,inf,null,inf,null,inf,null,inf
301973,14,401,null,inf,null,inf,null,inf,null,inf
301976,14,545,null,inf,null,inf,null,inf,null,inf
301977,14,660,null,inf,null,inf,null,inf,null,inf
301978,14,791,null,inf,null,inf,null,inf,null,inf
302020,14,857,null,inf,null,inf,null,inf,null,inf
302022,14,539,null,inf,null,inf,null,inf,null,inf
302030,14,740,null,inf,null,inf,null,inf,null,inf
302031,14,846,null,inf,null,inf,null,inf,null,inf
302032,14,958,null,inf,null,inf,null,inf,null,inf
302073,14,441,null,inf,null,inf,null,inf,null,inf
302074,14,539,null,inf,null,inf,null,inf,null,inf
302075,14,660,null,inf,null,inf,null,inf,null,inf
302076,14,770,null,inf,null,inf,null,inf,null,inf
302180,14,697,null,inf,null,inf,null,inf,null,inf
302181,14,624,null,inf,null,inf,null,inf,null,inf
302182,14,434,null,inf,null,inf,null,inf,null,inf
302368,12,292,null,inf,null,inf,null,inf,null,inf
302369,12,325,null,inf,null,inf,null,inf,null,inf
302370,12,463,null,inf,null,inf,null,inf,null,inf
302371,12,614,null,inf,null,inf,null,inf,null,inf
302372,12,753,null,inf,null,inf,null,inf,null,inf
302377,13,794,null,inf,null,inf,null,inf,null,inf
302378,13,593,null,inf,null,inf,null,inf,null,inf
302379,13,466,null,inf,null,inf,null,inf,null,inf
302380,13,283,null,inf,null,inf,null,inf,null,inf
302381,13,327,null,inf,null,inf,null,inf,null,inf
302382,13,419,null,inf,null,inf,null,inf,null,inf
302383,13,589,null,inf,null,inf,null,inf,null,inf
302413,13,489,null,inf,null,inf,null,inf,null,inf
302414,13,289,null,inf,null,inf,null,inf,null,inf
302415,13,326,null,inf,null,inf,null,inf,null,inf
302416,13,519,null,inf,null,inf,null,inf,null,inf
302417,13,661,null,inf,null,inf,null,inf,null,inf
302418,13,857,null,inf,null,inf,null,inf,null,inf
302423,12,635,null,inf,null,inf,null,inf,null,inf
302424,12,488,null,inf,null,inf,null,inf,null,inf
302426,12,325,null,inf,null,inf,null,inf,null,inf
302427,12,302,null,inf,null,inf,null,inf,null,inf
302428,12,315,null,inf,null,inf,null,inf,null,inf
302430,12,430,null,inf,null,inf,null,inf,null,inf
302431,12,564,null,inf,null,inf,null,inf,null,inf
302460,13,844,null,inf,null,inf,null,inf,null,inf
302461,13,762,null,inf,null,inf,null,inf,null,inf
302462,13,612,null,inf,null,inf,null,inf,null,inf
302463,13,450,null,inf,null,inf,null,inf,null,inf
302464,13,425,null,inf,null,inf,null,inf,null,inf
302465,13,478,null,inf,null,inf,null,inf,null,inf
302466,13,659,null,inf,null,inf,null,inf,null,inf
302467,13,835,null,inf,null,inf,null,inf,null,inf
302507,13,793,null,inf,null,inf,null,inf,null,inf
302508,13,613,null,inf,null,inf,null,inf,null,inf
302509,13,473,null,inf,null,inf,null,inf,null,inf
302511,13,567,null,inf,null,inf,null,inf,null,inf
302512,13,761,null,inf,null,inf,null,inf,null,inf
302513,13,846,null,inf,null,inf,null,inf,null,inf
302947,12,583,null,inf,null,inf,null,inf,null,inf
302948,12,457,null,inf,null,inf,null,inf,null,inf
302955,12,720,null,inf,null,inf,null,inf,null,inf
302956,12,840,null,inf,null,inf,null,inf,null,inf
303017,12,307,null,inf,null,inf,null,inf,null,inf
303019,12,403,null,inf,null,inf,null,inf,null,inf
303020,12,552,null,inf,null,inf,null,inf,null,inf
303021,12,745,null,inf,null,inf,null,inf,null,inf
303096,12,858,null,inf,null,inf,null,inf,null,inf
303101,12,508,null,inf,null,inf,null,inf,null,inf
303102,12,534,null,inf,null,inf,null,inf,null,inf
303205,14,424,null,inf,null,inf,null,inf,null,inf
303250,12,664,null,inf,null,inf,null,inf,null,inf
303253,12,372,null,inf,null,inf,null,inf,null,inf
303254,12,5,null,inf,null,inf,null,inf,null,inf
303256,12,401,null,inf,null,inf,null,inf,null,inf
303258,12,731,null,inf,null,inf,null,inf,null,inf
303294,12,345,null,inf,null,inf,null,inf,null,inf
303295,12,67,null,inf,null,inf,null,inf,null,inf
303296,12,256,null,inf,null,inf,null,inf,null,inf
303297,12,435,null,inf,null,inf,null,inf,null,inf
303300,12,703,null,inf,null,inf,null,inf,null,inf
303402,13,730,null,inf,null,inf,null,inf,null,inf
303403,13,644,null,inf,null,inf,null,inf,null,inf
303404,13,535,null,inf,null,inf,null,inf,null,inf
303405,13,392,null,inf,null,inf,null,inf,null,inf
303406,13,287,null,inf,null,inf,null,inf,null,inf
303407,13,149,null,inf,null,inf,null,inf,null,inf
303408,13,131,null,inf,null,inf,null,inf,null,inf
303411,13,517,null,inf,null,inf,null,inf,null,inf
303412,13,646,null,inf,null,inf,null,inf,null,inf
303413,13,734,null,inf,null,inf,null,inf,null,inf
303451,13,574,null,inf,null,inf,null,inf,null,inf
303456,13,192,null,inf,null,inf,null,inf,null,inf
303457,13,324,null,inf,null,inf,null,inf,null,inf
303459,13,704,null,inf,null,inf,null,inf,null,inf
303524,12,101,null,inf,null,inf,null,inf,null,inf
303526,12,118,null,inf,null,inf,null,inf,null,inf
303530,12,730,null,inf,null,inf,null,inf,null,inf
303539,13,832,null,inf,null,inf,null,inf,null,inf
303540,13,775,null,inf,null,inf,null,inf,null,inf
303541,13,652,null,inf,null,inf,null,inf,null,inf
303542,13,653,null,inf,null,inf,null,inf,null,inf
303544,13,1002,null,inf,null,inf,null,inf,null,inf
303564,13,985,null,inf,null,inf,null,inf,null,inf
303565,13,816,null,inf,null,inf,null,inf,null,inf
303566,13,624,null,inf,null,inf,null,inf,null,inf
303567,13,641,null,inf,null,inf,null,inf,null,inf
303568,13,790,null,inf,null,inf,null,inf,null,inf
303569,13,777,null,inf,null,inf,null,inf,null,inf
303570,13,949,null,inf,null,inf,null,inf,null,inf
303577,12,665,null,inf,null,inf,null,inf,null,inf
303578,12,474,null,inf,null,inf,null,inf,null,inf
303720,13,913,null,inf,null,inf,null,inf,null,inf
303722,13,733,null,inf,null,inf,null,inf,null,inf
303723,13,592,null,inf,null,inf,null,inf,null,inf
303724,13,491,null,inf,null,inf,null,inf,null,inf
303725,13,472,null,inf,null,inf,null,inf,null,inf
303726,13,595,null,inf,null,inf,null,inf,null,inf
303727,13,683,null,inf,null,inf,null,inf,null,inf
303728,13,707,null,inf,null,inf,null,inf,null,inf
303729,13,799,null,inf,null,inf,null,inf,null,inf
303730,13,959,null,inf,null,inf,null,inf,null,inf
303771,13,968,null,inf,null,inf,null,inf,null,inf
303774,13,596,null,inf,null,inf,null,inf,null,inf
303776,13,486,null,inf,null,inf,null,inf,null,inf
303777,13,403,null,inf,null,inf,null,inf,null,inf
303778,13,313,null,inf,null,inf,null,inf,null,inf
303779,13,477,null,inf,null,inf,null,inf,null,inf
303780,13,688,null,inf,null,inf,null,inf,null,inf
303781,13,833,null,inf,null,inf,null,inf,null,inf
303782,13,922,null,inf,null,inf,null,inf,null,inf
303800,13,945,null,inf,null,inf,null,inf,null,inf
303801,13,805,null,inf,null,inf,null,inf,null,inf
303802,13,664,null,inf,null,inf,null,inf,null,inf
303803,13,815,null,inf,null,inf,null,inf,null,inf
303875,13,870,null,inf,null,inf,null,inf,null,inf
303876,13,804,null,inf,null,inf,null,inf,null,inf
303878,13,482,null,inf,null,inf,null,inf,null,inf
303880,13,636,null,inf,null,inf,null,inf,null,inf
303881,13,810,null,inf,null,inf,null,inf,null,inf
303882,13,917,null,inf,null,inf,null,inf,null,inf
303956,13,775,null,inf,null,inf,null,inf,null,inf
303957,13,635,null,inf,null,inf,null,inf,null,inf
303958,13,503,null,inf,null,inf,null,inf,null,inf
303959,13,405,null,inf,null,inf,null,inf,null,inf
303960,13,344,null,inf,null,inf,null,inf,null,inf
303966,13,550,null,inf,null,inf,null,inf,null,inf
303967,13,420,null,inf,null,inf,null,inf,null,inf
303968,13,497,null,inf,null,inf,null,inf,null,inf
303969,13,635,null,inf,null,inf,null,inf,null,inf
303970,13,744,null,inf,null,inf,null,inf,null,inf
303971,13,847,null,inf,null,inf,null,inf,null,inf
304210,13,984,null,inf,null,inf,null,inf,null,inf
304211,13,857,null,inf,null,inf,null,inf,null,inf
304212,13,816,null,inf,null,inf,null,inf,null,inf
304213,13,968,null,inf,null,inf,null,inf,null,inf
304524,14,413,null,inf,null,inf,null,inf,null,inf
304525,14,600,null,inf,null,inf,null,inf,null,inf
304526,14,754,null,inf,null,inf,null,inf,null,inf
304527,14,825,null,inf,null,inf,null,inf,null,inf
304973,14,532,null,inf,null,inf,null,inf,null,inf
304974,14,552,null,inf,null,inf,null,inf,null,inf
304975,14,718,null,inf,null,inf,null,inf,null,inf
304976,14,886,null,inf,null,inf,null,inf,null,inf
305059,14,912,null,inf,null,inf,null,inf,null,inf
305060,14,708,null,inf,null,inf,null,inf,null,inf
305061,14,537,null,inf,null,inf,null,inf,null,inf
305062,14,638,null,inf,null,inf,null,inf,null,inf
305064,14,683,null,inf,null,inf,null,inf,null,inf
305065,14,928,null,inf,null,inf,null,inf,null,inf
305162,1,834,2,1130,null,inf,null,inf,null,inf
305166,1,771,2,1067,null,inf,null,inf,null,inf
305167,1,936,null,inf,null,inf,null,inf,null,inf
305284,1,845,null,inf,null,inf,null,inf,null,inf
305286,1,719,2,1015,null,inf,null,inf,null,inf
305287,1,714,2,1010,null,inf,null,inf,null,inf
305388,12,314,null,inf,null,inf,null,inf,null,inf
305392,12,432,null,inf,null,inf,null,inf,null,inf
305393,12,577,null,inf,null,inf,null,inf,null,inf
305394,12,734,null,inf,null,inf,null,inf,null,inf
305408,12,682,null,inf,null,inf,null,inf,null,inf
305409,12,532,null,inf,null,inf,null,inf,null,inf
305410,12,389,null,inf,null,inf,null,inf,null,inf
305411,12,280,null,inf,null,inf,null,inf,null,inf
305412,12,106,null,inf,null,inf,null,inf,null,inf
305413,12,320,null,inf,null,inf,null,inf,null,inf
305560,12,232,null,inf,null,inf,null,inf,null,inf
305561,12,307,null,inf,null,inf,null,inf,null,inf
305597,13,293,null,inf,null,inf,null,inf,null,inf
305598,13,313,null,inf,null,inf,null,inf,null,inf
305600,13,669,null,inf,null,inf,null,inf,null,inf
305606,12,598,null,inf,null,inf,null,inf,null,inf
305607,12,402,null,inf,null,inf,null,inf,null,inf
305608,12,364,null,inf,null,inf,null,inf,null,inf
305610,12,437,null,inf,null,inf,null,inf,null,inf
305611,12,589,null,inf,null,inf,null,inf,null,inf
305612,12,775,null,inf,null,inf,null,inf,null,inf
305613,12,925,null,inf,null,inf,null,inf,null,inf
305636,12,711,null,inf,null,inf,null,inf,null,inf
305670,12,669,null,inf,null,inf,null,inf,null,inf
305671,12,759,null,inf,null,inf,null,inf,null,inf
305805,12,832,null,inf,null,inf,null,inf,null,inf
305806,12,752,null,inf,null,inf,null,inf,null,inf
305807,12,671,null,inf,null,inf,null,inf,null,inf
305808,12,610,null,inf,null,inf,null,inf,null,inf
305809,12,711,null,inf,null,inf,null,inf,null,inf
305810,12,857,null,inf,null,inf,null,inf,null,inf
305833,12,1022,null,inf,null,inf,null,inf,null,inf
305834,12,877,null,inf,null,inf,null,inf,null,inf
305835,12,681,null,inf,null,inf,null,inf,null,inf
305836,12,599,null,inf,null,inf,null,inf,null,inf
305837,12,670,null,inf,null,inf,null,inf,null,inf
305838,12,697,null,inf,null,inf,null,inf,null,inf
305839,12,810,null,inf,null,inf,null,inf,null,inf
306495,13,520,null,inf,null,inf,null,inf,null,inf
306603,14,950,null,inf,null,inf,null,inf,null,inf
306665,12,539,null,inf,null,inf,null,inf,null,inf
306707,14,879,null,inf,null,inf,null,inf,null,inf
306708,14,794,null,inf,null,inf,null,inf,null,inf
306709,14,728,null,inf,null,inf,null,inf,null,inf
306710,14,836,null,inf,null,inf,null,inf,null,inf
306728,14,835,null,inf,null,inf,null,inf,null,inf
306892,12,586,null,inf,null,inf,null,inf,null,inf
306901,12,675,null,inf,null,inf,null,inf,null,inf
306925,12,609,null,inf,null,inf,null,inf,null,inf
306930,12,911,null,inf,null,inf,null,inf,null,inf
306931,12,875,null,inf,null,inf,null,inf,null,inf
306932,12,788,null,inf,null,inf,null,inf,null,inf
306935,12,926,null,inf,null,inf,null,inf,null,inf
306936,12,846,null,inf,null,inf,null,inf,null,inf
306937,12,814,null,inf,null,inf,null,inf,null,inf
307156,14,347,null,inf,null,inf,null,inf,null,inf
307207,14,741,null,inf,null,inf,null,inf,null,inf
307210,12,470,null,inf,null,inf,null,inf,null,inf
307238,14,286,null,inf,null,inf,null,inf,null,inf
307239,14,440,null,inf,null,inf,null,inf,null,inf
307240,14,506,null,inf,null,inf,null,inf,null,inf
307241,14,724,null,inf,null,inf,null,inf,null,inf
307258,13,610,null,inf,null,inf,null,inf,null,inf
307259,14,829,null,inf,null,inf,null,inf,null,inf
307260,14,650,null,inf,null,inf,null,inf,null,inf
307263,14,263,null,inf,null,inf,null,inf,null,inf
307305,14,419,null,inf,null,inf,null,inf,null,inf
307360,12,520,null,inf,null,inf,null,inf,null,inf
307491,12,752,null,inf,null,inf,null,inf,null,inf
307492,12,713,null,inf,null,inf,null,inf,null,inf
307511,13,969,null,inf,null,inf,null,inf,null,inf
307540,12,107,null,inf,null,inf,null,inf,null,inf
307541,13,804,null,inf,null,inf,null,inf,null,inf
307547,12,343,null,inf,null,inf,null,inf,null,inf
307548,12,493,null,inf,null,inf,null,inf,null,inf
307549,12,628,null,inf,null,inf,null,inf,null,inf
307575,12,568,null,inf,null,inf,null,inf,null,inf
307576,12,442,null,inf,null,inf,null,inf,null,inf
307577,12,331,null,inf,null,inf,null,inf,null,inf
307595,12,360,null,inf,null,inf,null,inf,null,inf
307631,14,523,null,inf,null,inf,null,inf,null,inf
307665,13,570,null,inf,null,inf,null,inf,null,inf
307675,13,956,null,inf,null,inf,null,inf,null,inf
307676,13,788,null,inf,null,inf,null,inf,null,inf
307677,13,848,null,inf,null,inf,null,inf,null,inf
307704,14,647,null,inf,null,inf,null,inf,null,inf
307804,14,639,null,inf,null,inf,null,inf,null,inf
307815,12,343,null,inf,null,inf,null,inf,null,inf
307816,12,623,null,inf,null,inf,null,inf,null,inf
307819,13,766,null,inf,null,inf,null,inf,null,inf
307820,13,236,null,inf,null,inf,null,inf,null,inf
307821,13,241,null,inf,null,inf,null,inf,null,inf
307822,13,414,null,inf,null,inf,null,inf,null,inf
307823,13,580,null,inf,null,inf,null,inf,null,inf
307824,13,754,null,inf,null,inf,null,inf,null,inf
307825,13,590,null,inf,null,inf,null,inf,null,inf
307826,13,419,null,inf,null,inf,null,inf,null,inf
307827,13,855,null,inf,null,inf,null,inf,null,inf
307829,12,783,null,inf,null,inf,null,inf,null,inf
307859,14,870,null,inf,null,inf,null,inf,null,inf
307897,14,284,null,inf,null,inf,null,inf,null,inf
307899,14,304,null,inf,null,inf,null,inf,null,inf
307905,13,755,null,inf,null,inf,null,inf,null,inf
307925,14,424,null,inf,null,inf,null,inf,null,inf
307926,13,831,null,inf,null,inf,null,inf,null,inf
307927,14,900,null,inf,null,inf,null,inf,null,inf
307928,13,418,null,inf,null,inf,null,inf,null,inf
308023,13,783,null,inf,null,inf,null,inf,null,inf
308073,13,578,null,inf,null,inf,null,inf,null,inf
308131,12,446,null,inf,null,inf,null,inf,null,inf
308186,1,1052,null,inf,null,inf,null,inf,null,inf
308187,1,768,2,1064,null,inf,null,inf,null,inf
308188,1,1070,null,inf,null,inf,null,inf,null,inf
308189,1,781,2,1077,null,inf,null,inf,null,inf
308209,12,801,null,inf,null,inf,null,inf,null,inf
308210,12,621,null,inf,null,inf,null,inf,null,inf
308211,12,446,null,inf,null,inf,null,inf,null,inf
308212,12,505,null,inf,null,inf,null,inf,null,inf
308213,12,680,null,inf,null,inf,null,inf,null,inf
308259,12,599,null,inf,null,inf,null,inf,null,inf
308260,12,381,null,inf,null,inf,null,inf,null,inf
308276,14,362,null,inf,null,inf,null,inf,null,inf
308323,12,283,null,inf,null,inf,null,inf,null,inf
308425,13,835,null,inf,null,inf,null,inf,null,inf
308435,13,240,null,inf,null,inf,null,inf,null,inf
308439,14,456,null,inf,null,inf,null,inf,null,inf
308524,13,422,null,inf,null,inf,null,inf,null,inf
308536,12,123,null,inf,null,inf,null,inf,null,inf
308570,12,212,null,inf,null,inf,null,inf,null,inf
308571,12,320,null,inf,null,inf,null,inf,null,inf
308641,12,192,null,inf,null,inf,null,inf,null,inf
402128,8,1060,null,inf,null,inf,null,inf,null,inf
404183,8,809,null,inf,null,inf,null,inf,null,inf
404901,8,950,null,inf,null,inf,null,inf,null,inf
404902,8,802,null,inf,null,inf,null,inf,null,inf
405049,8,715,null,inf,null,inf,null,inf,null,inf
502145,15,408,null,inf,null,inf,null,inf,null,inf
503184,15,185,null,inf,null,inf,null,inf,null,inf
503200,15,641,null,inf,null,inf,null,inf,null,inf
503402,15,677,null,inf,null,inf,null,inf,null,inf
503404,15,365,null,inf,null,inf,null,inf,null,inf
503494,17,992,null,inf,null,inf,null,inf,null,inf
503497,18,651,17,1124,null,inf,null,inf,null,inf
503499,18,509,17,1227,null,inf,null,inf,null,inf
503501,18,238,null,inf,null,inf,null,inf,null,inf
503502,18,648,17,1126,null,inf,null,inf,null,inf
503505,17,934,null,inf,null,inf,null,inf,null,inf
503665,15,845,null,inf,null,inf,null,inf,null,inf
503667,15,703,null,inf,null,inf,null,inf,null,inf
503668,15,658,null,inf,null,inf,null,inf,null,inf
503718,15,186,null,inf,null,inf,null,inf,null,inf
503727,15,235,null,inf,null,inf,null,inf,null,inf
503825,15,530,null,inf,null,inf,null,inf,null,inf
503882,11,708,null,inf,null,inf,null,inf,null,inf
503932,15,638,null,inf,null,inf,null,inf,null,inf
503962,2,419,1,420,null,inf,null,inf,null,inf
503963,2,400,1,541,null,inf,null,inf,null,inf
503982,18,849,17,941,null,inf,null,inf,null,inf
504001,15,204,null,inf,null,inf,null,inf,null,inf
504004,15,275,null,inf,null,inf,null,inf,null,inf
504020,18,804,17,982,null,inf,null,inf,null,inf
504080,15,745,null,inf,null,inf,null,inf,null,inf
504196,15,264,null,inf,null,inf,null,inf,null,inf
504198,15,302,null,inf,null,inf,null,inf,null,inf
504199,15,477,null,inf,null,inf,null,inf,null,inf
504201,15,681,null,inf,null,inf,null,inf,null,inf
504202,15,780,null,inf,null,inf,null,inf,null,inf
504203,15,738,null,inf,null,inf,null,inf,null,inf
504204,15,567,null,inf,null,inf,null,inf,null,inf
504281,11,580,null,inf,null,inf,null,inf,null,inf
504282,11,496,null,inf,null,inf,null,inf,null,inf
504283,11,417,null,inf,null,inf,null,inf,null,inf
504284,11,564,null,inf,null,inf,null,inf,null,inf
504285,11,666,null,inf,null,inf,null,inf,null,inf
504286,11,791,null,inf,null,inf,null,inf,null,inf
504289,15,753,null,inf,null,inf,null,inf,null,inf
504293,15,584,null,inf,null,inf,null,inf,null,inf
504296,11,724,null,inf,null,inf,null,inf,null,inf
504298,11,609,null,inf,null,inf,null,inf,null,inf
504299,11,498,null,inf,null,inf,null,inf,null,inf
504300,11,413,null,inf,null,inf,null,inf,null,inf
504302,11,608,null,inf,null,inf,null,inf,null,inf
504303,11,738,null,inf,null,inf,null,inf,null,inf
504409,2,346,1,710,null,inf,null,inf,null,inf
504410,2,551,null,inf,null,inf,null,inf,null,inf
504413,2,1057,null,inf,null,inf,null,inf,null,inf
504415,2,581,null,inf,null,inf,null,inf,null,inf
504416,2,434,1,597,null,inf,null,inf,null,inf
504430,2,1067,null,inf,null,inf,null,inf,null,inf
504440,11,466,null,inf,null,inf,null,inf,null,inf
504481,15,74,null,inf,null,inf,null,inf,null,inf
504511,15,327,null,inf,null,inf,null,inf,null,inf
504512,15,91,null,inf,null,inf,null,inf,null,inf
504518,11,705,null,inf,null,inf,null,inf,null,inf
504519,2,694,null,inf,null,inf,null,inf,null,inf
504526,2,884,null,inf,null,inf,null,inf,null,inf
504981,15,455,null,inf,null,inf,null,inf,null,inf
504984,15,376,null,inf,null,inf,null,inf,null,inf
505165,15,751,null,inf,null,inf,null,inf,null,inf
505215,2,692,null,inf,null,inf,null,inf,null,inf
551925,2,524,1,788,null,inf,null,inf,null,inf
551926,2,388,1,648,null,inf,null,inf,null,inf
552359,15,662,null,inf,null,inf,null,inf,null,inf
553036,15,730,null,inf,null,inf,null,inf,null,inf
801063,14,321,null,inf,null,inf,null,inf,null,inf
801064,14,286,null,inf,null,inf,null,inf,null,inf
801161,14,420,null,inf,null,inf,null,inf,null,inf
801163,13,907,null,inf,null,inf,null,inf,null,inf
801164,1,1145,null,inf,null,inf,null,inf,null,inf
801172,12,187,null,inf,null,inf,null,inf,null,inf
801174,12,451,null,inf,null,inf,null,inf,null,inf
801175,12,330,null,inf,null,inf,null,inf,null,inf
801177,14,386,null,inf,null,inf,null,inf,null,inf
804059,18,243,null,inf,null,inf,null,inf,null,inf
901087,13,583,null,inf,null,inf,null,inf,null,inf
901175,12,752,null,inf,null,inf,null,inf,null,inf
901211,14,370,null,inf,null,inf,null,inf,null,inf
901280,13,786,null,inf,null,inf,null,inf,null,inf
901310,1,970,null,inf,null,inf,null,inf,null,inf
901311,1,456,2,752,null,inf,null,inf,null,inf
901312,2,616,1,694,null,inf,null,inf,null,inf
901313,2,737,1,815,null,inf,null,inf,null,inf
901314,2,656,null,inf,null,inf,null,inf,null,inf
901315,2,650,null,inf,null,inf,null,inf,null,inf
901316,1,954,null,inf,null,inf,null,inf,null,inf
901326,2,436,1,479,null,inf,null,inf,null,inf
901478,14,677,null,inf,null,inf,null,inf,null,inf
901483,12,724,null,inf,null,inf,null,inf,null,inf
901484,12,186,null,inf,null,inf,null,inf,null,inf
901485,12,593,null,inf,null,inf,null,inf,null,inf
901500,12,288,null,inf,null,inf,null,inf,null,inf
400324,8,650,null,inf,null,inf,null,inf,null,inf
400327,8,961,null,inf,null,inf,null,inf,null,inf
400353,8,798,null,inf,null,inf,null,inf,null,inf
400354,8,872,null,inf,null,inf,null,inf,null,inf
400519,8,894,null,inf,null,inf,null,inf,null,inf
400552,8,303,null,inf,null,inf,null,inf,null,inf
400555,8,690,null,inf,null,inf,null,inf,null,inf
403539,8,479,null,inf,null,inf,null,inf,null,inf
404296,8,970,null,inf,null,inf,null,inf,null,inf
404297,8,764,null,inf,null,inf,null,inf,null,inf
450375,8,831,null,inf,null,inf,null,inf,null,inf
500010,30,928,null,inf,null,inf,null,inf,null,inf
500011,30,788,null,inf,null,inf,null,inf,null,inf
500012,30,688,null,inf,null,inf,null,inf,null,inf
500013,30,730,null,inf,null,inf,null,inf,null,inf
500014,30,777,null,inf,null,inf,null,inf,null,inf
500015,30,882,null,inf,null,inf,null,inf,null,inf
500029,31,827,null,inf,null,inf,null,inf,null,inf
500030,31,712,null,inf,null,inf,null,inf,null,inf
500031,31,483,null,inf,null,inf,null,inf,null,inf
500032,31,378,32,2450,null,inf,null,inf,null,inf
500033,31,256,32,2328,null,inf,null,inf,null,inf
500034,31,182,32,2254,null,inf,null,inf,null,inf
500035,31,81,32,2197,null,inf,null,inf,null,inf
500045,33,832,null,inf,null,inf,null,inf,null,inf
500048,31,218,32,2270,null,inf,null,inf,null,inf
500049,31,318,32,2370,null,inf,null,inf,null,inf
500050,31,426,32,2478,null,inf,null,inf,null,inf
500051,31,553,null,inf,null,inf,null,inf,null,inf
500052,31,774,null,inf,null,inf,null,inf,null,inf
500056,33,801,null,inf,null,inf,null,inf,null,inf
500057,33,913,null,inf,null,inf,null,inf,null,inf
500078,30,801,null,inf,null,inf,null,inf,null,inf
500079,30,736,null,inf,null,inf,null,inf,null,inf
500080,30,824,null,inf,null,inf,null,inf,null,inf
500081,30,918,null,inf,null,inf,null,inf,null,inf
500099,30,643,null,inf,null,inf,null,inf,null,inf
500100,30,494,null,inf,null,inf,null,inf,null,inf
500101,30,331,null,inf,null,inf,null,inf,null,inf
500102,30,406,null,inf,null,inf,null,inf,null,inf
500103,30,514,null,inf,null,inf,null,inf,null,inf
500104,30,568,null,inf,null,inf,null,inf,null,inf
500105,30,604,null,inf,null,inf,null,inf,null,inf
500115,31,851,null,inf,null,inf,null,inf,null,inf
500116,31,670,null,inf,null,inf,null,inf,null,inf
500118,31,595,32,1950,null,inf,null,inf,null,inf
500119,31,479,32,1791,null,inf,null,inf,null,inf
500120,31,611,32,1653,null,inf,null,inf,null,inf
500121,31,740,32,1503,null,inf,null,inf,null,inf
500122,31,889,32,1343,null,inf,null,inf,null,inf
500123,31,881,32,1351,null,inf,null,inf,null,inf
500124,31,820,32,1413,null,inf,null,inf,null,inf
500125,31,607,32,1633,null,inf,null,inf,null,inf
500126,31,491,32,1846,null,inf,null,inf,null,inf
500127,31,571,32,1926,null,inf,null,inf,null,inf
500128,31,664,null,inf,null,inf,null,inf,null,inf
500137,30,912,null,inf,null,inf,null,inf,null,inf
500138,30,782,null,inf,null,inf,null,inf,null,inf
500139,30,693,null,inf,null,inf,null,inf,null,inf
500140,30,560,null,inf,null,inf,null,inf,null,inf
500141,30,574,null,inf,null,inf,null,inf,null,inf
500142,30,475,null,inf,null,inf,null,inf,null,inf
500143,30,368,null,inf,null,inf,null,inf,null,inf
500145,30,366,null,inf,null,inf,null,inf,null,inf
500146,30,560,null,inf,null,inf,null,inf,null,inf
500147,30,658,null,inf,null,inf,null,inf,null,inf
500163,84,640,null,inf,null,inf,null,inf,null,inf
500164,84,441,null,inf,null,inf,null,inf,null,inf
500165,84,386,null,inf,null,inf,null,inf,null,inf
500166,84,218,null,inf,null,inf,null,inf,null,inf
500167,84,137,null,inf,null,inf,null,inf,null,inf
500168,84,262,null,inf,null,inf,null,inf,null,inf
500169,84,441,null,inf,null,inf,null,inf,null,inf
500170,84,610,null,inf,null,inf,null,inf,null,inf
500171,83,1015,null,inf,null,inf,null,inf,null,inf
500183,30,1056,null,inf,null,inf,null,inf,null,inf
500184,30,895,null,inf,null,inf,null,inf,null,inf
500187,30,410,null,inf,null,inf,null,inf,null,inf
500216,30,492,null,inf,null,inf,null,inf,null,inf
500220,30,1088,null,inf,null,inf,null,inf,null,inf
500222,83,818,null,inf,null,inf,null,inf,null,inf
500230,15,990,null,inf,null,inf,null,inf,null,inf
500231,83,885,null,inf,null,inf,null,inf,null,inf
500235,84,380,null,inf,null,inf,null,inf,null,inf
500236,84,272,null,inf,null,inf,null,inf,null,inf
500237,84,101,null,inf,null,inf,null,inf,null,inf
500238,84,232,null,inf,null,inf,null,inf,null,inf
500239,84,387,null,inf,null,inf,null,inf,null,inf
500241,84,594,null,inf,null,inf,null,inf,null,inf
500242,84,709,null,inf,null,inf,null,inf,null,inf
500264,30,1003,null,inf,null,inf,null,inf,null,inf
500265,30,940,null,inf,null,inf,null,inf,null,inf
500266,30,987,null,inf,null,inf,null,inf,null,inf
500271,83,914,null,inf,null,inf,null,inf,null,inf
500293,31,725,32,2043,null,inf,null,inf,null,inf
500294,31,547,32,1865,null,inf,null,inf,null,inf
500296,31,285,32,1951,null,inf,null,inf,null,inf
500297,31,159,32,2065,null,inf,null,inf,null,inf
500298,31,77,32,2252,null,inf,null,inf,null,inf
500304,31,92,32,2166,null,inf,null,inf,null,inf
500305,31,268,32,1983,null,inf,null,inf,null,inf
500309,31,739,32,2094,null,inf,null,inf,null,inf
500310,31,843,null,inf,null,inf,null,inf,null,inf
500331,30,976,null,inf,null,inf,null,inf,null,inf
500332,30,1035,null,inf,null,inf,null,inf,null,inf
500375,83,750,null,inf,null,inf,null,inf,null,inf
500376,83,634,null,inf,null,inf,null,inf,null,inf
500377,83,507,null,inf,null,inf,null,inf,null,inf
500378,83,358,null,inf,null,inf,null,inf,null,inf
500380,83,150,null,inf,null,inf,null,inf,null,inf
500382,83,381,null,inf,null,inf,null,inf,null,inf
500383,83,466,null,inf,null,inf,null,inf,null,inf
500384,83,566,null,inf,null,inf,null,inf,null,inf
500385,83,736,null,inf,null,inf,null,inf,null,inf
500386,83,844,null,inf,null,inf,null,inf,null,inf
500414,83,847,null,inf,null,inf,null,inf,null,inf
500415,83,728,null,inf,null,inf,null,inf,null,inf
500416,83,590,null,inf,null,inf,null,inf,null,inf
500417,83,479,null,inf,null,inf,null,inf,null,inf
500418,83,311,null,inf,null,inf,null,inf,null,inf
500419,83,174,null,inf,null,inf,null,inf,null,inf
500420,83,278,null,inf,null,inf,null,inf,null,inf
500421,83,453,null,inf,null,inf,null,inf,null,inf
500422,83,609,null,inf,null,inf,null,inf,null,inf
500424,83,834,null,inf,null,inf,null,inf,null,inf
500453,83,1108,null,inf,null,inf,null,inf,null,inf
500454,83,1279,null,inf,null,inf,null,inf,null,inf
500455,83,1310,null,inf,null,inf,null,inf,null,inf
500456,83,1095,null,inf,null,inf,null,inf,null,inf
500457,83,1059,null,inf,null,inf,null,inf,null,inf
500458,83,1001,null,inf,null,inf,null,inf,null,inf
500459,83,873,null,inf,null,inf,null,inf,null,inf
500460,83,790,null,inf,null,inf,null,inf,null,inf
500461,83,880,null,inf,null,inf,null,inf,null,inf
500462,83,945,null,inf,null,inf,null,inf,null,inf
500463,83,1064,null,inf,null,inf,null,inf,null,inf
500499,83,1087,null,inf,null,inf,null,inf,null,inf
500500,83,962,null,inf,null,inf,null,inf,null,inf
500501,83,876,null,inf,null,inf,null,inf,null,inf
500502,83,799,null,inf,null,inf,null,inf,null,inf
500503,83,869,null,inf,null,inf,null,inf,null,inf
500504,83,931,null,inf,null,inf,null,inf,null,inf
500505,83,1042,null,inf,null,inf,null,inf,null,inf
500507,83,1140,null,inf,null,inf,null,inf,null,inf
500508,83,1328,null,inf,null,inf,null,inf,null,inf
500509,83,1180,null,inf,null,inf,null,inf,null,inf
500510,83,1065,null,inf,null,inf,null,inf,null,inf
500541,83,1393,null,inf,null,inf,null,inf,null,inf
500543,83,1148,null,inf,null,inf,null,inf,null,inf
500544,84,920,null,inf,null,inf,null,inf,null,inf
500545,84,786,null,inf,null,inf,null,inf,null,inf
500546,84,675,null,inf,null,inf,null,inf,null,inf
500547,84,562,null,inf,null,inf,null,inf,null,inf
500548,84,673,null,inf,null,inf,null,inf,null,inf
500549,84,822,null,inf,null,inf,null,inf,null,inf
500550,84,932,null,inf,null,inf,null,inf,null,inf
500561,86,832,null,inf,null,inf,null,inf,null,inf
500562,86,749,null,inf,null,inf,null,inf,null,inf
500563,86,827,null,inf,null,inf,null,inf,null,inf
500565,86,965,null,inf,null,inf,null,inf,null,inf
500566,86,788,null,inf,null,inf,null,inf,null,inf
500567,86,669,null,inf,null,inf,null,inf,null,inf
500568,86,405,null,inf,null,inf,null,inf,null,inf
500572,86,379,null,inf,null,inf,null,inf,null,inf
500573,86,649,null,inf,null,inf,null,inf,null,inf
500575,86,738,null,inf,null,inf,null,inf,null,inf
500576,86,877,null,inf,null,inf,null,inf,null,inf
500588,84,964,null,inf,null,inf,null,inf,null,inf
500589,84,864,null,inf,null,inf,null,inf,null,inf
500590,84,666,null,inf,null,inf,null,inf,null,inf
500591,84,596,null,inf,null,inf,null,inf,null,inf
500592,84,759,null,inf,null,inf,null,inf,null,inf
500593,84,840,null,inf,null,inf,null,inf,null,inf
500594,84,990,83,1292,null,inf,null,inf,null,inf
500633,84,1112,83,1208,null,inf,null,inf,null,inf
500634,84,975,null,inf,null,inf,null,inf,null,inf
500636,84,751,null,inf,null,inf,null,inf,null,inf
500637,84,647,null,inf,null,inf,null,inf,null,inf
500638,84,462,null,inf,null,inf,null,inf,null,inf
500639,84,247,null,inf,null,inf,null,inf,null,inf
500640,84,176,null,inf,null,inf,null,inf,null,inf
500649,84,394,null,inf,null,inf,null,inf,null,inf
500651,84,393,85,818,null,inf,null,inf,null,inf
500652,84,499,85,712,null,inf,null,inf,null,inf
500655,85,549,null,inf,null,inf,null,inf,null,inf
500657,85,465,null,inf,null,inf,null,inf,null,inf
500658,85,367,null,inf,null,inf,null,inf,null,inf
500660,86,681,85,827,null,inf,null,inf,null,inf
500661,86,391,null,inf,null,inf,null,inf,null,inf
500663,86,155,null,inf,null,inf,null,inf,null,inf
500664,86,274,null,inf,null,inf,null,inf,null,inf
500665,86,394,null,inf,null,inf,null,inf,null,inf
500666,86,514,null,inf,null,inf,null,inf,null,inf
500667,86,697,null,inf,null,inf,null,inf,null,inf
500670,84,144,null,inf,null,inf,null,inf,null,inf
500671,84,259,null,inf,null,inf,null,inf,null,inf
500672,84,475,null,inf,null,inf,null,inf,null,inf
500673,84,661,null,inf,null,inf,null,inf,null,inf
500674,84,757,null,inf,null,inf,null,inf,null,inf
500675,84,992,null,inf,null,inf,null,inf,null,inf
500676,84,1149,83,1191,null,inf,null,inf,null,inf
500678,86,580,null,inf,null,inf,null,inf,null,inf
500679,86,495,null,inf,null,inf,null,inf,null,inf
500680,86,372,null,inf,null,inf,null,inf,null,inf
500681,86,279,null,inf,null,inf,null,inf,null,inf
500683,86,255,null,inf,null,inf,null,inf,null,inf
500684,85,605,86,777,null,inf,null,inf,null,inf
500685,85,230,null,inf,null,inf,null,inf,null,inf
500686,85,338,null,inf,null,inf,null,inf,null,inf
500687,85,503,null,inf,null,inf,null,inf,null,inf
500688,85,403,null,inf,null,inf,null,inf,null,inf
500689,85,386,84,831,null,inf,null,inf,null,inf
500690,85,479,84,736,null,inf,null,inf,null,inf
500691,84,504,85,709,null,inf,null,inf,null,inf
500694,84,381,null,inf,null,inf,null,inf,null,inf
500851,18,554,19,726,null,inf,null,inf,null,inf
500852,18,580,19,694,null,inf,null,inf,null,inf
500853,18,655,19,788,null,inf,null,inf,null,inf
500854,19,655,18,778,null,inf,null,inf,null,inf
500855,19,380,null,inf,null,inf,null,inf,null,inf
500856,19,230,null,inf,null,inf,null,inf,null,inf
500857,19,291,20,789,null,inf,null,inf,null,inf
500858,19,478,20,623,null,inf,null,inf,null,inf
500859,20,506,19,596,null,inf,null,inf,null,inf
500860,20,385,19,713,null,inf,null,inf,null,inf
500861,20,258,19,841,null,inf,null,inf,null,inf
500862,20,252,21,919,null,inf,null,inf,null,inf
500863,20,394,21,857,null,inf,null,inf,null,inf
500864,20,546,21,704,null,inf,null,inf,null,inf
500865,21,607,20,631,null,inf,null,inf,null,inf
500866,21,502,20,771,null,inf,null,inf,null,inf
500867,21,442,20,832,null,inf,null,inf,null,inf
500868,21,334,null,inf,null,inf,null,inf,null,inf
500869,21,449,null,inf,null,inf,null,inf,null,inf
500870,21,571,null,inf,null,inf,null,inf,null,inf
500871,21,666,null,inf,null,inf,null,inf,null,inf
500872,21,845,null,inf,null,inf,null,inf,null,inf
500873,22,895,null,inf,null,inf,null,inf,null,inf
500874,22,698,null,inf,null,inf,null,inf,null,inf
500875,22,487,null,inf,null,inf,null,inf,null,inf
500876,22,392,null,inf,null,inf,null,inf,null,inf
500877,22,371,null,inf,null,inf,null,inf,null,inf
500878,22,441,null,inf,null,inf,null,inf,null,inf
500879,22,618,null,inf,null,inf,null,inf,null,inf
500880,22,745,null,inf,null,inf,null,inf,null,inf
500881,22,875,null,inf,null,inf,null,inf,null,inf
500883,23,867,null,inf,null,inf,null,inf,null,inf
500885,23,554,null,inf,null,inf,null,inf,null,inf
500887,23,623,null,inf,null,inf,null,inf,null,inf
500888,23,820,24,853,null,inf,null,inf,null,inf
500889,24,677,23,971,null,inf,null,inf,null,inf
500890,24,726,null,inf,null,inf,null,inf,null,inf
500891,24,687,null,inf,null,inf,null,inf,null,inf
500892,24,864,null,inf,null,inf,null,inf,null,inf
500893,24,662,null,inf,null,inf,null,inf,null,inf
500895,24,638,null,inf,null,inf,null,inf,null,inf
500896,24,638,23,909,null,inf,null,inf,null,inf
500897,24,761,23,801,null,inf,null,inf,null,inf
500898,23,621,null,inf,null,inf,null,inf,null,inf
500899,23,435,null,inf,null,inf,null,inf,null,inf
500900,23,563,null,inf,null,inf,null,inf,null,inf
500901,23,626,null,inf,null,inf,null,inf,null,inf
500903,22,847,null,inf,null,inf,null,inf,null,inf
500904,22,679,null,inf,null,inf,null,inf,null,inf
500905,22,558,null,inf,null,inf,null,inf,null,inf
500906,22,441,null,inf,null,inf,null,inf,null,inf
500907,22,294,null,inf,null,inf,null,inf,null,inf
500908,22,354,null,inf,null,inf,null,inf,null,inf
500909,22,545,null,inf,null,inf,null,inf,null,inf
500910,22,722,null,inf,null,inf,null,inf,null,inf
500911,21,896,22,956,null,inf,null,inf,null,inf
500912,21,776,null,inf,null,inf,null,inf,null,inf
500913,21,651,null,inf,null,inf,null,inf,null,inf
500914,21,506,null,inf,null,inf,null,inf,null,inf
500915,21,384,null,inf,null,inf,null,inf,null,inf
500916,21,321,null,inf,null,inf,null,inf,null,inf
500917,21,492,20,759,null,inf,null,inf,null,inf
500918,21,591,20,624,null,inf,null,inf,null,inf
500919,20,512,21,717,null,inf,null,inf,null,inf
500920,20,386,21,845,null,inf,null,inf,null,inf
500921,20,253,21,870,null,inf,null,inf,null,inf
500922,20,281,null,inf,null,inf,null,inf,null,inf
500923,20,319,19,775,null,inf,null,inf,null,inf
500924,20,437,19,655,null,inf,null,inf,null,inf
500925,19,541,20,556,null,inf,null,inf,null,inf
500926,19,422,20,674,null,inf,null,inf,null,inf
500927,19,231,20,832,null,inf,null,inf,null,inf
500929,19,290,null,inf,null,inf,null,inf,null,inf
500930,19,431,null,inf,null,inf,null,inf,null,inf
500931,19,677,18,754,null,inf,null,inf,null,inf
500939,34,826,null,inf,null,inf,null,inf,null,inf
500959,24,757,null,inf,null,inf,null,inf,null,inf
500960,24,592,null,inf,null,inf,null,inf,null,inf
500961,24,480,null,inf,null,inf,null,inf,null,inf
500962,24,264,23,1254,null,inf,null,inf,null,inf
500963,24,196,23,1186,null,inf,null,inf,null,inf
500965,24,442,23,1193,null,inf,null,inf,null,inf
500967,24,823,null,inf,null,inf,null,inf,null,inf
500988,34,876,null,inf,null,inf,null,inf,null,inf
500989,34,653,33,952,null,inf,null,inf,null,inf
500994,18,505,null,inf,null,inf,null,inf,null,inf
500995,18,791,null,inf,null,inf,null,inf,null,inf
500996,19,863,18,896,null,inf,null,inf,null,inf
500997,19,692,null,inf,null,inf,null,inf,null,inf
500999,19,277,null,inf,null,inf,null,inf,null,inf
501000,19,251,null,inf,null,inf,null,inf,null,inf
501001,19,316,20,754,null,inf,null,inf,null,inf
501004,20,451,19,540,null,inf,null,inf,null,inf
501005,20,330,19,664,null,inf,null,inf,null,inf
501007,20,145,null,inf,null,inf,null,inf,null,inf
501008,20,263,21,883,null,inf,null,inf,null,inf
501023,22,267,null,inf,null,inf,null,inf,null,inf
501024,22,48,null,inf,null,inf,null,inf,null,inf
501025,22,187,null,inf,null,inf,null,inf,null,inf
501026,22,356,null,inf,null,inf,null,inf,null,inf
501027,22,487,null,inf,null,inf,null,inf,null,inf
501053,22,810,null,inf,null,inf,null,inf,null,inf
501054,22,720,null,inf,null,inf,null,inf,null,inf
501055,22,538,null,inf,null,inf,null,inf,null,inf
501056,22,493,null,inf,null,inf,null,inf,null,inf
501057,22,216,null,inf,null,inf,null,inf,null,inf
501058,22,71,null,inf,null,inf,null,inf,null,inf
501059,22,169,null,inf,null,inf,null,inf,null,inf
501060,22,274,null,inf,null,inf,null,inf,null,inf
501075,20,123,21,942,null,inf,null,inf,null,inf
501076,20,95,null,inf,null,inf,null,inf,null,inf
501077,20,253,19,735,null,inf,null,inf,null,inf
501078,20,381,19,611,null,inf,null,inf,null,inf
501079,19,485,20,498,null,inf,null,inf,null,inf
501080,19,402,20,703,null,inf,null,inf,null,inf
501081,19,324,null,inf,null,inf,null,inf,null,inf
501082,19,259,null,inf,null,inf,null,inf,null,inf
501083,19,377,null,inf,null,inf,null,inf,null,inf
501084,19,517,null,inf,null,inf,null,inf,null,inf
501085,19,807,18,1007,null,inf,null,inf,null,inf
501086,18,910,19,914,null,inf,null,inf,null,inf
501093,18,897,null,inf,null,inf,null,inf,null,inf
501140,18,918,null,inf,null,inf,null,inf,null,inf
501141,18,809,null,inf,null,inf,null,inf,null,inf
501148,19,470,18,738,null,inf,null,inf,null,inf
501149,19,243,null,inf,null,inf,null,inf,null,inf
501150,19,90,null,inf,null,inf,null,inf,null,inf
501152,19,139,null,inf,null,inf,null,inf,null,inf
501153,19,280,null,inf,null,inf,null,inf,null,inf
501154,19,471,null,inf,null,inf,null,inf,null,inf
501155,19,596,null,inf,null,inf,null,inf,null,inf
501156,19,779,null,inf,null,inf,null,inf,null,inf
501210,19,763,null,inf,null,inf,null,inf,null,inf
501211,19,547,null,inf,null,inf,null,inf,null,inf
501212,19,422,null,inf,null,inf,null,inf,null,inf
501213,19,319,null,inf,null,inf,null,inf,null,inf
501214,19,217,null,inf,null,inf,null,inf,null,inf
501217,19,151,null,inf,null,inf,null,inf,null,inf
501218,19,294,null,inf,null,inf,null,inf,null,inf
501219,19,532,18,678,null,inf,null,inf,null,inf
501235,19,812,null,inf,null,inf,null,inf,null,inf
501236,19,885,null,inf,null,inf,null,inf,null,inf
501306,19,808,null,inf,null,inf,null,inf,null,inf
501328,30,856,null,inf,null,inf,null,inf,null,inf
501362,18,732,null,inf,null,inf,null,inf,null,inf
501363,18,626,null,inf,null,inf,null,inf,null,inf
501364,18,500,null,inf,null,inf,null,inf,null,inf
501365,18,355,null,inf,null,inf,null,inf,null,inf
501368,18,229,null,inf,null,inf,null,inf,null,inf
501369,18,272,null,inf,null,inf,null,inf,null,inf
501370,18,404,null,inf,null,inf,null,inf,null,inf
501371,18,602,null,inf,null,inf,null,inf,null,inf
501372,18,691,null,inf,null,inf,null,inf,null,inf
501373,18,860,null,inf,null,inf,null,inf,null,inf
501410,30,841,null,inf,null,inf,null,inf,null,inf
501530,19,761,null,inf,null,inf,null,inf,null,inf
501531,19,803,null,inf,null,inf,null,inf,null,inf
501532,19,863,null,inf,null,inf,null,inf,null,inf
501533,19,877,null,inf,null,inf,null,inf,null,inf
501536,20,969,null,inf,null,inf,null,inf,null,inf
501537,20,852,null,inf,null,inf,null,inf,null,inf
501538,20,827,null,inf,null,inf,null,inf,null,inf
501539,20,753,null,inf,null,inf,null,inf,null,inf
501540,20,803,null,inf,null,inf,null,inf,null,inf
501541,20,867,null,inf,null,inf,null,inf,null,inf
501542,21,989,null,inf,null,inf,null,inf,null,inf
501543,21,915,null,inf,null,inf,null,inf,null,inf
501561,21,944,null,inf,null,inf,null,inf,null,inf
501562,21,975,null,inf,null,inf,null,inf,null,inf
501563,20,886,null,inf,null,inf,null,inf,null,inf
501564,20,821,null,inf,null,inf,null,inf,null,inf
501565,20,769,null,inf,null,inf,null,inf,null,inf
501566,20,832,null,inf,null,inf,null,inf,null,inf
501568,20,942,null,inf,null,inf,null,inf,null,inf
501570,19,910,null,inf,null,inf,null,inf,null,inf
501571,19,831,null,inf,null,inf,null,inf,null,inf
501573,19,820,null,inf,null,inf,null,inf,null,inf
501574,19,744,null,inf,null,inf,null,inf,null,inf
501575,19,715,null,inf,null,inf,null,inf,null,inf
501593,19,918,null,inf,null,inf,null,inf,null,inf
501613,22,966,null,inf,null,inf,null,inf,null,inf
501617,22,799,null,inf,null,inf,null,inf,null,inf
501671,22,856,null,inf,null,inf,null,inf,null,inf
501672,22,768,null,inf,null,inf,null,inf,null,inf
501673,22,727,null,inf,null,inf,null,inf,null,inf
501674,22,846,null,inf,null,inf,null,inf,null,inf
501675,22,946,null,inf,null,inf,null,inf,null,inf
501719,19,435,20,560,null,inf,null,inf,null,inf
501722,20,180,19,830,null,inf,null,inf,null,inf
501723,20,106,21,862,null,inf,null,inf,null,inf
501724,20,218,21,716,null,inf,null,inf,null,inf
501725,20,340,21,603,null,inf,null,inf,null,inf
501726,21,471,20,535,null,inf,null,inf,null,inf
501727,21,347,20,675,null,inf,null,inf,null,inf
501728,21,208,null,inf,null,inf,null,inf,null,inf
501730,21,403,null,inf,null,inf,null,inf,null,inf
501731,21,458,null,inf,null,inf,null,inf,null,inf
501732,21,572,null,inf,null,inf,null,inf,null,inf
501733,21,663,null,inf,null,inf,null,inf,null,inf
501755,21,851,null,inf,null,inf,null,inf,null,inf
501756,21,769,null,inf,null,inf,null,inf,null,inf
501757,21,631,null,inf,null,inf,null,inf,null,inf
501758,21,474,null,inf,null,inf,null,inf,null,inf
501759,21,431,null,inf,null,inf,null,inf,null,inf
501760,21,348,null,inf,null,inf,null,inf,null,inf
501761,21,219,20,827,null,inf,null,inf,null,inf
501762,21,417,20,619,null,inf,null,inf,null,inf
501763,20,491,21,525,null,inf,null,inf,null,inf
501764,20,397,21,573,null,inf,null,inf,null,inf
501765,20,296,21,660,null,inf,null,inf,null,inf
501766,20,182,21,781,null,inf,null,inf,null,inf
501767,20,122,null,inf,null,inf,null,inf,null,inf
501811,21,914,null,inf,null,inf,null,inf,null,inf
501825,22,455,null,inf,null,inf,null,inf,null,inf
501832,22,726,null,inf,null,inf,null,inf,null,inf
501848,22,846,null,inf,null,inf,null,inf,null,inf
501850,22,695,null,inf,null,inf,null,inf,null,inf
501857,22,501,null,inf,null,inf,null,inf,null,inf
501871,21,955,null,inf,null,inf,null,inf,null,inf
501927,31,973,null,inf,null,inf,null,inf,null,inf
501928,31,802,null,inf,null,inf,null,inf,null,inf
501929,31,702,null,inf,null,inf,null,inf,null,inf
501930,31,635,null,inf,null,inf,null,inf,null,inf
501931,31,483,null,inf,null,inf,null,inf,null,inf
501932,31,330,null,inf,null,inf,null,inf,null,inf
501933,31,179,32,2343,null,inf,null,inf,null,inf
501934,31,127,32,2302,null,inf,null,inf,null,inf
501936,31,238,32,2290,null,inf,null,inf,null,inf
501937,31,427,32,2242,null,inf,null,inf,null,inf
501938,31,546,32,2361,null,inf,null,inf,null,inf
501939,33,889,32,2628,null,inf,null,inf,null,inf
501940,33,413,null,inf,null,inf,null,inf,null,inf
501941,33,362,null,inf,null,inf,null,inf,null,inf
501942,33,433,34,746,null,inf,null,inf,null,inf
501945,34,629,33,928,null,inf,null,inf,null,inf
501946,34,625,33,924,null,inf,null,inf,null,inf
501948,33,484,34,764,null,inf,null,inf,null,inf
501949,33,417,null,inf,null,inf,null,inf,null,inf
501950,33,470,null,inf,null,inf,null,inf,null,inf
501951,33,581,null,inf,null,inf,null,inf,null,inf
501952,33,661,null,inf,null,inf,null,inf,null,inf
501953,33,798,32,2740,null,inf,null,inf,null,inf
501954,31,755,33,984,32,2571,null,inf,null,inf
501955,31,537,32,2353,null,inf,null,inf,null,inf
501956,31,383,32,2261,null,inf,null,inf,null,inf
501957,31,204,32,2256,null,inf,null,inf,null,inf
501958,31,139,32,2303,null,inf,null,inf,null,inf
501959,31,263,32,2427,null,inf,null,inf,null,inf
501960,31,385,null,inf,null,inf,null,inf,null,inf
501961,31,532,null,inf,null,inf,null,inf,null,inf
501962,31,637,null,inf,null,inf,null,inf,null,inf
501963,31,905,null,inf,null,inf,null,inf,null,inf
502030,15,223,null,inf,null,inf,null,inf,null,inf
502031,15,365,null,inf,null,inf,null,inf,null,inf
502032,15,523,null,inf,null,inf,null,inf,null,inf
502033,15,727,null,inf,null,inf,null,inf,null,inf
502136,15,748,null,inf,null,inf,null,inf,null,inf
502137,15,498,null,inf,null,inf,null,inf,null,inf
502138,15,304,null,inf,null,inf,null,inf,null,inf
502139,15,205,null,inf,null,inf,null,inf,null,inf
502179,18,784,null,inf,null,inf,null,inf,null,inf
502180,18,636,null,inf,null,inf,null,inf,null,inf
502181,18,463,null,inf,null,inf,null,inf,null,inf
502182,18,375,null,inf,null,inf,null,inf,null,inf
502183,18,271,null,inf,null,inf,null,inf,null,inf
502184,18,181,null,inf,null,inf,null,inf,null,inf
502185,18,291,null,inf,null,inf,null,inf,null,inf
502254,18,489,null,inf,null,inf,null,inf,null,inf
502256,18,254,null,inf,null,inf,null,inf,null,inf
502257,18,193,null,inf,null,inf,null,inf,null,inf
502258,18,319,null,inf,null,inf,null,inf,null,inf
502259,18,420,null,inf,null,inf,null,inf,null,inf
502260,18,611,null,inf,null,inf,null,inf,null,inf
502261,18,809,null,inf,null,inf,null,inf,null,inf
502300,11,988,null,inf,null,inf,null,inf,null,inf
502559,17,852,null,inf,null,inf,null,inf,null,inf
502560,17,651,null,inf,null,inf,null,inf,null,inf
502569,17,242,null,inf,null,inf,null,inf,null,inf
502570,17,671,null,inf,null,inf,null,inf,null,inf
502698,21,962,null,inf,null,inf,null,inf,null,inf
502699,21,840,null,inf,null,inf,null,inf,null,inf
502700,21,750,null,inf,null,inf,null,inf,null,inf
502701,21,633,null,inf,null,inf,null,inf,null,inf
502702,21,567,null,inf,null,inf,null,inf,null,inf
502703,21,450,null,inf,null,inf,null,inf,null,inf
502704,21,419,null,inf,null,inf,null,inf,null,inf
502750,21,344,null,inf,null,inf,null,inf,null,inf
502751,21,355,null,inf,null,inf,null,inf,null,inf
502752,21,340,null,inf,null,inf,null,inf,null,inf
502753,21,480,null,inf,null,inf,null,inf,null,inf
502754,21,683,null,inf,null,inf,null,inf,null,inf
502755,21,784,null,inf,null,inf,null,inf,null,inf
502818,84,749,85,809,null,inf,null,inf,null,inf
502819,85,614,84,723,null,inf,null,inf,null,inf
502823,85,712,null,inf,null,inf,null,inf,null,inf
502825,85,727,null,inf,null,inf,null,inf,null,inf
502830,85,659,84,838,null,inf,null,inf,null,inf
502831,84,757,85,786,null,inf,null,inf,null,inf
502832,84,943,null,inf,null,inf,null,inf,null,inf
503041,21,673,null,inf,null,inf,null,inf,null,inf
503058,31,111,32,2242,null,inf,null,inf,null,inf
503070,83,871,null,inf,null,inf,null,inf,null,inf
503073,85,541,84,771,null,inf,null,inf,null,inf
503074,19,729,null,inf,null,inf,null,inf,null,inf
503096,18,359,null,inf,null,inf,null,inf,null,inf
503100,86,583,null,inf,null,inf,null,inf,null,inf
503102,87,939,null,inf,null,inf,null,inf,null,inf
503106,86,944,null,inf,null,inf,null,inf,null,inf
503127,86,812,null,inf,null,inf,null,inf,null,inf
503132,85,641,null,inf,null,inf,null,inf,null,inf
503150,19,426,null,inf,null,inf,null,inf,null,inf
503156,22,876,null,inf,null,inf,null,inf,null,inf
503166,15,698,null,inf,null,inf,null,inf,null,inf
503167,15,805,null,inf,null,inf,null,inf,null,inf
503168,15,407,null,inf,null,inf,null,inf,null,inf
503169,15,835,null,inf,null,inf,null,inf,null,inf
503172,15,625,null,inf,null,inf,null,inf,null,inf
503174,15,490,null,inf,null,inf,null,inf,null,inf
503175,15,630,null,inf,null,inf,null,inf,null,inf
503212,31,70,32,2205,null,inf,null,inf,null,inf
503214,24,203,23,1193,null,inf,null,inf,null,inf
503247,83,792,null,inf,null,inf,null,inf,null,inf
503255,22,779,null,inf,null,inf,null,inf,null,inf
503259,23,714,null,inf,null,inf,null,inf,null,inf
503274,19,386,20,630,null,inf,null,inf,null,inf
503302,9,829,null,inf,null,inf,null,inf,null,inf
503303,9,666,null,inf,null,inf,null,inf,null,inf
503304,9,492,null,inf,null,inf,null,inf,null,inf
503305,9,361,null,inf,null,inf,null,inf,null,inf
503306,9,203,null,inf,null,inf,null,inf,null,inf
503307,9,214,null,inf,null,inf,null,inf,null,inf
503308,9,351,null,inf,null,inf,null,inf,null,inf
503309,9,492,null,inf,null,inf,null,inf,null,inf
503310,9,731,null,inf,null,inf,null,inf,null,inf
503319,9,833,null,inf,null,inf,null,inf,null,inf
503320,9,690,null,inf,null,inf,null,inf,null,inf
503321,9,465,null,inf,null,inf,null,inf,null,inf
503322,9,386,null,inf,null,inf,null,inf,null,inf
503323,9,234,null,inf,null,inf,null,inf,null,inf
503324,9,184,null,inf,null,inf,null,inf,null,inf
503325,9,358,null,inf,null,inf,null,inf,null,inf
503326,9,513,null,inf,null,inf,null,inf,null,inf
503327,9,633,null,inf,null,inf,null,inf,null,inf
503328,9,862,null,inf,null,inf,null,inf,null,inf
503573,23,518,null,inf,null,inf,null,inf,null,inf
503604,30,1162,null,inf,null,inf,null,inf,null,inf
503605,84,168,null,inf,null,inf,null,inf,null,inf
503606,84,193,null,inf,null,inf,null,inf,null,inf
503609,23,1039,null,inf,null,inf,null,inf,null,inf
503618,15,453,null,inf,null,inf,null,inf,null,inf
503676,83,584,null,inf,null,inf,null,inf,null,inf
503723,22,568,null,inf,null,inf,null,inf,null,inf
503728,18,348,null,inf,null,inf,null,inf,null,inf
503753,33,774,null,inf,null,inf,null,inf,null,inf
503756,83,874,null,inf,null,inf,null,inf,null,inf
503757,83,760,null,inf,null,inf,null,inf,null,inf
503758,83,598,null,inf,null,inf,null,inf,null,inf
503759,83,446,null,inf,null,inf,null,inf,null,inf
503760,83,513,null,inf,null,inf,null,inf,null,inf
503761,83,678,null,inf,null,inf,null,inf,null,inf
503763,83,438,null,inf,null,inf,null,inf,null,inf
503764,83,1010,null,inf,null,inf,null,inf,null,inf
503768,83,231,null,inf,null,inf,null,inf,null,inf
503770,83,611,null,inf,null,inf,null,inf,null,inf
503771,83,750,null,inf,null,inf,null,inf,null,inf
503772,83,752,null,inf,null,inf,null,inf,null,inf
503777,86,588,85,921,null,inf,null,inf,null,inf
503784,83,878,null,inf,null,inf,null,inf,null,inf
503789,15,575,null,inf,null,inf,null,inf,null,inf
503791,83,211,null,inf,null,inf,null,inf,null,inf
503827,86,480,null,inf,null,inf,null,inf,null,inf
503831,30,1018,null,inf,null,inf,null,inf,null,inf
503839,31,736,null,inf,null,inf,null,inf,null,inf
503840,86,169,null,inf,null,inf,null,inf,null,inf
503880,17,373,null,inf,null,inf,null,inf,null,inf
503890,83,394,null,inf,null,inf,null,inf,null,inf
503898,17,377,null,inf,null,inf,null,inf,null,inf
503900,18,378,null,inf,null,inf,null,inf,null,inf
503901,17,369,null,inf,null,inf,null,inf,null,inf
503902,17,499,null,inf,null,inf,null,inf,null,inf
503911,83,796,null,inf,null,inf,null,inf,null,inf
503912,86,198,null,inf,null,inf,null,inf,null,inf
503913,83,347,null,inf,null,inf,null,inf,null,inf
503927,19,75,null,inf,null,inf,null,inf,null,inf
503954,86,96,null,inf,null,inf,null,inf,null,inf
503959,86,382,null,inf,null,inf,null,inf,null,inf
503971,85,442,null,inf,null,inf,null,inf,null,inf
503974,33,563,null,inf,null,inf,null,inf,null,inf
503979,19,89,null,inf,null,inf,null,inf,null,inf
503985,30,797,null,inf,null,inf,null,inf,null,inf
504009,30,717,null,inf,null,inf,null,inf,null,inf
504034,20,793,null,inf,null,inf,null,inf,null,inf
504063,85,832,null,inf,null,inf,null,inf,null,inf
504065,85,842,null,inf,null,inf,null,inf,null,inf
504069,83,808,null,inf,null,inf,null,inf,null,inf
504091,86,150,null,inf,null,inf,null,inf,null,inf
504432,23,519,null,inf,null,inf,null,inf,null,inf
504442,86,711,null,inf,null,inf,null,inf,null,inf
504443,86,882,null,inf,null,inf,null,inf,null,inf
504444,22,714,null,inf,null,inf,null,inf,null,inf
504456,30,763,null,inf,null,inf,null,inf,null,inf
504457,30,670,null,inf,null,inf,null,inf,null,inf
504459,30,557,null,inf,null,inf,null,inf,null,inf
504460,84,464,null,inf,null,inf,null,inf,null,inf
504463,86,38,null,inf,null,inf,null,inf,null,inf
504465,30,1170,null,inf,null,inf,null,inf,null,inf
504467,15,579,null,inf,null,inf,null,inf,null,inf
504469,15,546,null,inf,null,inf,null,inf,null,inf
504470,15,535,null,inf,null,inf,null,inf,null,inf
504476,18,481,null,inf,null,inf,null,inf,null,inf
504477,18,463,null,inf,null,inf,null,inf,null,inf
504480,15,70,null,inf,null,inf,null,inf,null,inf
504484,17,212,null,inf,null,inf,null,inf,null,inf
504486,30,959,null,inf,null,inf,null,inf,null,inf
504487,18,479,null,inf,null,inf,null,inf,null,inf
504489,11,684,null,inf,null,inf,null,inf,null,inf
504493,34,656,null,inf,null,inf,null,inf,null,inf
504509,34,499,33,798,null,inf,null,inf,null,inf
504521,34,583,33,882,null,inf,null,inf,null,inf
504522,34,586,33,885,null,inf,null,inf,null,inf
504523,30,883,null,inf,null,inf,null,inf,null,inf
504525,30,938,null,inf,null,inf,null,inf,null,inf
504538,84,701,null,inf,null,inf,null,inf,null,inf
504539,84,506,null,inf,null,inf,null,inf,null,inf
504543,84,393,85,936,null,inf,null,inf,null,inf
504545,11,700,null,inf,null,inf,null,inf,null,inf
504557,15,308,null,inf,null,inf,null,inf,null,inf
504559,15,121,null,inf,null,inf,null,inf,null,inf
504954,86,755,null,inf,null,inf,null,inf,null,inf
504955,86,186,null,inf,null,inf,null,inf,null,inf
504967,15,973,null,inf,null,inf,null,inf,null,inf
504980,15,113,null,inf,null,inf,null,inf,null,inf
504989,18,290,null,inf,null,inf,null,inf,null,inf
504992,18,546,19,753,null,inf,null,inf,null,inf
504993,18,296,null,inf,null,inf,null,inf,null,inf
504994,18,380,null,inf,null,inf,null,inf,null,inf
504998,15,607,null,inf,null,inf,null,inf,null,inf
505011,15,608,null,inf,null,inf,null,inf,null,inf
505032,15,821,null,inf,null,inf,null,inf,null,inf
505048,18,654,19,783,null,inf,null,inf,null,inf
505053,21,801,null,inf,null,inf,null,inf,null,inf
505065,22,878,null,inf,null,inf,null,inf,null,inf
505068,30,297,null,inf,null,inf,null,inf,null,inf
505072,31,742,null,inf,null,inf,null,inf,null,inf
505096,30,777,null,inf,null,inf,null,inf,null,inf
505131,31,500,32,1767,null,inf,null,inf,null,inf
505143,31,877,null,inf,null,inf,null,inf,null,inf
505169,86,162,null,inf,null,inf,null,inf,null,inf
505174,15,544,null,inf,null,inf,null,inf,null,inf
505175,15,558,null,inf,null,inf,null,inf,null,inf
505192,9,864,null,inf,null,inf,null,inf,null,inf
505201,30,966,null,inf,null,inf,null,inf,null,inf
505213,18,380,null,inf,null,inf,null,inf,null,inf
505219,85,656,86,851,null,inf,null,inf,null,inf
505245,34,697,33,996,null,inf,null,inf,null,inf
505264,15,683,null,inf,null,inf,null,inf,null,inf
551578,11,774,null,inf,null,inf,null,inf,null,inf
551691,11,516,null,inf,null,inf,null,inf,null,inf
599988,15,426,null,inf,null,inf,null,inf,null,inf
803039,8,830,null,inf,null,inf,null,inf,null,inf
803040,8,673,null,inf,null,inf,null,inf,null,inf
804017,18,478,null,inf,null,inf,null,inf,null,inf
804019,9,864,null,inf,null,inf,null,inf,null,inf
804031,18,373,null,inf,null,inf,null,inf,null,inf
804039,15,509,null,inf,null,inf,null,inf,null,inf
804041,18,303,null,inf,null,inf,null,inf,null,inf
804042,18,473,null,inf,null,inf,null,inf,null,inf
804050,18,461,null,inf,null,inf,null,inf,null,inf
804062,86,34,null,inf,null,inf,null,inf,null,inf
804087,33,773,null,inf,null,inf,null,inf,null,inf
903085,8,298,null,inf,null,inf,null,inf,null,inf
903217,8,377,null,inf,null,inf,null,inf,null,inf
903235,8,556,null,inf,null,inf,null,inf,null,inf
904002,31,933,32,1328,null,inf,null,inf,null,inf
904005,15,408,null,inf,null,inf,null,inf,null,inf
904006,15,412,null,inf,null,inf,null,inf,null,inf
904007,18,261,null,inf,null,inf,null,inf,null,inf
904008,15,503,null,inf,null,inf,null,inf,null,inf
904011,18,227,null,inf,null,inf,null,inf,null,inf
904015,19,903,null,inf,null,inf,null,inf,null,inf
904016,18,319,null,inf,null,inf,null,inf,null,inf
904020,18,466,null,inf,null,inf,null,inf,null,inf
904022,22,570,null,inf,null,inf,null,inf,null,inf
904023,22,583,null,inf,null,inf,null,inf,null,inf
904033,86,750,null,inf,null,inf,null,inf,null,inf
904036,11,603,null,inf,null,inf,null,inf,null,inf
904037,15,552,null,inf,null,inf,null,inf,null,inf
904039,84,213,null,inf,null,inf,null,inf,null,inf
904047,2,985,null,inf,null,inf,null,inf,null,inf
904061,21,695,null,inf,null,inf,null,inf,null,inf
904073,18,228,null,inf,null,inf,null,inf,null,inf
904074,18,393,null,inf,null,inf,null,inf,null,inf
904083,15,433,null,inf,null,inf,null,inf,null,inf
904088,11,741,null,inf,null,inf,null,inf,null,inf
904095,15,73,null,inf,null,inf,null,inf,null,inf
904102,18,259,null,inf,null,inf,null,inf,null,inf
904188,18,743,null,inf,null,inf,null,inf,null,inf
904189,18,235,null,inf,null,inf,null,inf,null,inf
904190,18,229,null,inf,null,inf,null,inf,null,inf
904921,18,415,null,inf,null,inf,null,inf,null,inf
999999,18,329,null,inf,null,inf,null,inf,null,inf
400322,8,929,null,inf,null,inf,null,inf,null,inf
400323,8,762,null,inf,null,inf,null,inf,null,inf
400325,8,751,null,inf,null,inf,null,inf,null,inf
400326,8,828,null,inf,null,inf,null,inf,null,inf
400352,8,889,null,inf,null,inf,null,inf,null,inf
400716,8,433,null,inf,null,inf,null,inf,null,inf
400731,8,743,null,inf,null,inf,null,inf,null,inf
400732,8,626,null,inf,null,inf,null,inf,null,inf
400929,8,961,null,inf,null,inf,null,inf,null,inf
400933,8,474,null,inf,null,inf,null,inf,null,inf
400936,8,963,null,inf,null,inf,null,inf,null,inf
401225,8,808,null,inf,null,inf,null,inf,null,inf
401226,8,619,null,inf,null,inf,null,inf,null,inf
401227,8,497,null,inf,null,inf,null,inf,null,inf
401229,8,318,null,inf,null,inf,null,inf,null,inf
401231,8,141,null,inf,null,inf,null,inf,null,inf
401232,8,295,null,inf,null,inf,null,inf,null,inf
401358,8,503,null,inf,null,inf,null,inf,null,inf
401359,8,389,null,inf,null,inf,null,inf,null,inf
401360,8,199,null,inf,null,inf,null,inf,null,inf
401361,8,312,null,inf,null,inf,null,inf,null,inf
401363,8,488,null,inf,null,inf,null,inf,null,inf
401364,8,666,null,inf,null,inf,null,inf,null,inf
401400,8,923,null,inf,null,inf,null,inf,null,inf
401401,8,846,null,inf,null,inf,null,inf,null,inf
401402,8,618,null,inf,null,inf,null,inf,null,inf
401404,8,516,null,inf,null,inf,null,inf,null,inf
401497,8,842,null,inf,null,inf,null,inf,null,inf
401500,8,414,null,inf,null,inf,null,inf,null,inf
401501,8,306,null,inf,null,inf,null,inf,null,inf
401502,8,494,null,inf,null,inf,null,inf,null,inf
401503,8,611,null,inf,null,inf,null,inf,null,inf
401814,8,1003,null,inf,null,inf,null,inf,null,inf
401818,8,287,null,inf,null,inf,null,inf,null,inf
401819,8,144,null,inf,null,inf,null,inf,null,inf
401821,8,465,null,inf,null,inf,null,inf,null,inf
401822,8,708,null,inf,null,inf,null,inf,null,inf
401844,8,673,null,inf,null,inf,null,inf,null,inf
401847,8,245,null,inf,null,inf,null,inf,null,inf
401848,8,147,null,inf,null,inf,null,inf,null,inf
401850,8,525,null,inf,null,inf,null,inf,null,inf
401851,8,667,null,inf,null,inf,null,inf,null,inf
401852,8,859,null,inf,null,inf,null,inf,null,inf
402124,8,1027,null,inf,null,inf,null,inf,null,inf
402125,8,839,null,inf,null,inf,null,inf,null,inf
402126,8,687,null,inf,null,inf,null,inf,null,inf
402127,8,797,null,inf,null,inf,null,inf,null,inf
402152,8,945,null,inf,null,inf,null,inf,null,inf
402153,8,805,null,inf,null,inf,null,inf,null,inf
402154,8,690,null,inf,null,inf,null,inf,null,inf
402155,8,875,null,inf,null,inf,null,inf,null,inf
403191,8,893,null,inf,null,inf,null,inf,null,inf
403192,8,516,null,inf,null,inf,null,inf,null,inf
403238,8,753,null,inf,null,inf,null,inf,null,inf
403239,8,600,null,inf,null,inf,null,inf,null,inf
403240,8,738,null,inf,null,inf,null,inf,null,inf
403241,8,832,null,inf,null,inf,null,inf,null,inf
403242,8,945,null,inf,null,inf,null,inf,null,inf
403259,8,757,null,inf,null,inf,null,inf,null,inf
403354,8,786,null,inf,null,inf,null,inf,null,inf
403519,8,448,null,inf,null,inf,null,inf,null,inf
403528,8,317,null,inf,null,inf,null,inf,null,inf
403547,8,1087,null,inf,null,inf,null,inf,null,inf
403552,8,411,null,inf,null,inf,null,inf,null,inf
403769,8,495,null,inf,null,inf,null,inf,null,inf
403802,8,1046,null,inf,null,inf,null,inf,null,inf
403816,8,915,null,inf,null,inf,null,inf,null,inf
403830,8,905,null,inf,null,inf,null,inf,null,inf
404039,8,677,null,inf,null,inf,null,inf,null,inf
404040,8,868,null,inf,null,inf,null,inf,null,inf
404116,8,749,null,inf,null,inf,null,inf,null,inf
404153,8,659,null,inf,null,inf,null,inf,null,inf
404244,8,805,null,inf,null,inf,null,inf,null,inf
404279,8,749,null,inf,null,inf,null,inf,null,inf
404820,8,209,null,inf,null,inf,null,inf,null,inf
404847,8,195,null,inf,null,inf,null,inf,null,inf
404881,8,921,null,inf,null,inf,null,inf,null,inf
404919,8,683,null,inf,null,inf,null,inf,null,inf
405026,8,676,null,inf,null,inf,null,inf,null,inf
405285,8,918,null,inf,null,inf,null,inf,null,inf
405297,8,831,null,inf,null,inf,null,inf,null,inf
405316,8,790,null,inf,null,inf,null,inf,null,inf
405374,8,545,null,inf,null,inf,null,inf,null,inf
405380,8,974,null,inf,null,inf,null,inf,null,inf
405512,8,916,null,inf,null,inf,null,inf,null,inf
803079,8,802,null,inf,null,inf,null,inf,null,inf
803082,8,519,null,inf,null,inf,null,inf,null,inf
803083,8,492,null,inf,null,inf,null,inf,null,inf
803098,8,139,null,inf,null,inf,null,inf,null,inf
803099,8,845,null,inf,null,inf,null,inf,null,inf
803144,8,566,null,inf,null,inf,null,inf,null,inf
903078,8,818,null,inf,null,inf,null,inf,null,inf
903133,8,925,null,inf,null,inf,null,inf,null,inf
404173,8,138,null,inf,null,inf,null,inf,null,inf
404206,8,667,null,inf,null,inf,null,inf,null,inf
404207,8,890,null,inf,null,inf,null,inf,null,inf
404211,8,876,null,inf,null,inf,null,inf,null,inf
404280,8,262,null,inf,null,inf,null,inf,null,inf
404877,8,952,null,inf,null,inf,null,inf,null,inf
405042,8,860,null,inf,null,inf,null,inf,null,inf
805116,8,1018,null,inf,null,inf,null,inf,null,inf
805118,8,683,null,inf,null,inf,null,inf,null,inf
903034,8,801,null,inf,null,inf,null,inf,null,inf
903037,8,876,null,inf,null,inf,null,inf,null,inf
905088,8,415,null,inf,null,inf,null,inf,null,inf
302923,12,236,null,inf,null,inf,null,inf,null,inf
308734,12,424,null,inf,null,inf,null,inf,null,inf
308753,12,180,null,inf,null,inf,null,inf,null,inf
401823,8,809,null,inf,null,inf,null,inf,null,inf
450011,8,583,null,inf,null,inf,null,inf,null,inf
450012,8,639,null,inf,null,inf,null,inf,null,inf
450013,8,644,null,inf,null,inf,null,inf,null,inf
450014,8,902,null,inf,null,inf,null,inf,null,inf
450015,8,914,null,inf,null,inf,null,inf,null,inf
450038,8,766,null,inf,null,inf,null,inf,null,inf
450045,8,659,null,inf,null,inf,null,inf,null,inf
450054,8,934,null,inf,null,inf,null,inf,null,inf
450055,8,699,null,inf,null,inf,null,inf,null,inf
450057,8,966,null,inf,null,inf,null,inf,null,inf
450058,8,1009,null,inf,null,inf,null,inf,null,inf
450066,8,516,null,inf,null,inf,null,inf,null,inf
450087,8,869,null,inf,null,inf,null,inf,null,inf
450090,8,873,null,inf,null,inf,null,inf,null,inf
450091,8,925,null,inf,null,inf,null,inf,null,inf
450092,8,906,null,inf,null,inf,null,inf,null,inf
450157,8,756,null,inf,null,inf,null,inf,null,inf
450392,8,553,null,inf,null,inf,null,inf,null,inf
450417,8,681,null,inf,null,inf,null,inf,null,inf
450453,8,608,null,inf,null,inf,null,inf,null,inf
450457,8,956,null,inf,null,inf,null,inf,null,inf
500249,15,912,null,inf,null,inf,null,inf,null,inf
500932,18,584,19,810,null,inf,null,inf,null,inf
501367,18,223,null,inf,null,inf,null,inf,null,inf
502490,11,561,null,inf,null,inf,null,inf,null,inf
503666,15,862,null,inf,null,inf,null,inf,null,inf
503845,18,290,null,inf,null,inf,null,inf,null,inf
503953,15,806,null,inf,null,inf,null,inf,null,inf
505227,18,339,null,inf,null,inf,null,inf,null,inf
505231,15,347,null,inf,null,inf,null,inf,null,inf
505256,15,673,null,inf,null,inf,null,inf,null,inf
550027,15,726,null,inf,null,inf,null,inf,null,inf
550028,15,551,null,inf,null,inf,null,inf,null,inf
550030,15,302,null,inf,null,inf,null,inf,null,inf
550031,15,98,null,inf,null,inf,null,inf,null,inf
550036,15,719,null,inf,null,inf,null,inf,null,inf
550038,15,152,null,inf,null,inf,null,inf,null,inf
550039,15,138,null,inf,null,inf,null,inf,null,inf
550040,15,382,null,inf,null,inf,null,inf,null,inf
550041,15,551,null,inf,null,inf,null,inf,null,inf
550042,15,750,null,inf,null,inf,null,inf,null,inf
550043,15,907,null,inf,null,inf,null,inf,null,inf
550177,15,1108,null,inf,null,inf,null,inf,null,inf
550178,15,998,null,inf,null,inf,null,inf,null,inf
550179,15,862,null,inf,null,inf,null,inf,null,inf
550180,15,831,null,inf,null,inf,null,inf,null,inf
550181,15,613,null,inf,null,inf,null,inf,null,inf
550182,15,499,null,inf,null,inf,null,inf,null,inf
550184,15,107,null,inf,null,inf,null,inf,null,inf
550185,15,498,null,inf,null,inf,null,inf,null,inf
550186,15,619,null,inf,null,inf,null,inf,null,inf
550187,15,791,null,inf,null,inf,null,inf,null,inf
550188,15,790,null,inf,null,inf,null,inf,null,inf
550189,15,1015,null,inf,null,inf,null,inf,null,inf
550229,15,1077,null,inf,null,inf,null,inf,null,inf
550230,15,982,null,inf,null,inf,null,inf,null,inf
550231,15,844,null,inf,null,inf,null,inf,null,inf
550232,15,683,null,inf,null,inf,null,inf,null,inf
550242,15,938,null,inf,null,inf,null,inf,null,inf
550245,15,163,null,inf,null,inf,null,inf,null,inf
550256,15,737,null,inf,null,inf,null,inf,null,inf
550257,15,1065,null,inf,null,inf,null,inf,null,inf
550337,11,773,null,inf,null,inf,null,inf,null,inf
550338,11,817,null,inf,null,inf,null,inf,null,inf
550339,11,653,null,inf,null,inf,null,inf,null,inf
550340,11,689,null,inf,null,inf,null,inf,null,inf
550341,11,531,null,inf,null,inf,null,inf,null,inf
550342,11,544,null,inf,null,inf,null,inf,null,inf
550343,11,345,null,inf,null,inf,null,inf,null,inf
550344,11,319,null,inf,null,inf,null,inf,null,inf
550345,11,123,null,inf,null,inf,null,inf,null,inf
550346,11,88,null,inf,null,inf,null,inf,null,inf
550347,11,241,null,inf,null,inf,null,inf,null,inf
550348,11,317,null,inf,null,inf,null,inf,null,inf
550349,11,468,null,inf,null,inf,null,inf,null,inf
550350,11,268,null,inf,null,inf,null,inf,null,inf
550351,11,152,null,inf,null,inf,null,inf,null,inf
550352,11,40,null,inf,null,inf,null,inf,null,inf
550353,11,118,null,inf,null,inf,null,inf,null,inf
550378,11,519,null,inf,null,inf,null,inf,null,inf
550543,9,1052,null,inf,null,inf,null,inf,null,inf
550545,9,880,null,inf,null,inf,null,inf,null,inf
550546,9,892,null,inf,null,inf,null,inf,null,inf
550547,9,797,null,inf,null,inf,null,inf,null,inf
550548,9,619,null,inf,null,inf,null,inf,null,inf
550550,9,387,null,inf,null,inf,null,inf,null,inf
550551,9,381,null,inf,null,inf,null,inf,null,inf
550552,9,259,null,inf,null,inf,null,inf,null,inf
550553,9,397,null,inf,null,inf,null,inf,null,inf
550554,9,501,null,inf,null,inf,null,inf,null,inf
550555,9,490,null,inf,null,inf,null,inf,null,inf
550556,9,742,null,inf,null,inf,null,inf,null,inf
550557,9,742,null,inf,null,inf,null,inf,null,inf
550559,9,1050,null,inf,null,inf,null,inf,null,inf
550560,9,1063,null,inf,null,inf,null,inf,null,inf
550561,9,1166,null,inf,null,inf,null,inf,null,inf
550590,9,880,null,inf,null,inf,null,inf,null,inf
550591,9,350,null,inf,null,inf,null,inf,null,inf
550592,9,255,null,inf,null,inf,null,inf,null,inf
550593,9,452,null,inf,null,inf,null,inf,null,inf
550594,9,730,null,inf,null,inf,null,inf,null,inf
550595,9,1034,null,inf,null,inf,null,inf,null,inf
550653,2,798,null,inf,null,inf,null,inf,null,inf
550654,2,736,null,inf,null,inf,null,inf,null,inf
550657,2,900,null,inf,null,inf,null,inf,null,inf
550823,99,850,null,inf,null,inf,null,inf,null,inf
550824,99,729,null,inf,null,inf,null,inf,null,inf
550825,99,550,null,inf,null,inf,null,inf,null,inf
550846,99,493,null,inf,null,inf,null,inf,null,inf
550847,99,671,null,inf,null,inf,null,inf,null,inf
550848,99,806,null,inf,null,inf,null,inf,null,inf
550881,10,717,null,inf,null,inf,null,inf,null,inf
550882,10,638,null,inf,null,inf,null,inf,null,inf
550883,10,785,null,inf,null,inf,null,inf,null,inf
550886,10,744,null,inf,null,inf,null,inf,null,inf
550887,10,599,null,inf,null,inf,null,inf,null,inf
550888,10,625,null,inf,null,inf,null,inf,null,inf
550889,10,441,null,inf,null,inf,null,inf,null,inf
550891,10,541,null,inf,null,inf,null,inf,null,inf
550892,10,622,null,inf,null,inf,null,inf,null,inf
550893,10,630,null,inf,null,inf,null,inf,null,inf
550895,10,350,null,inf,null,inf,null,inf,null,inf
550896,10,349,null,inf,null,inf,null,inf,null,inf
550898,10,191,null,inf,null,inf,null,inf,null,inf
550899,10,179,null,inf,null,inf,null,inf,null,inf
550900,10,370,null,inf,null,inf,null,inf,null,inf
550901,10,498,null,inf,null,inf,null,inf,null,inf
550902,10,629,null,inf,null,inf,null,inf,null,inf
550903,10,797,null,inf,null,inf,null,inf,null,inf
550954,10,913,null,inf,null,inf,null,inf,null,inf
550955,10,731,null,inf,null,inf,null,inf,null,inf
550956,10,584,null,inf,null,inf,null,inf,null,inf
550957,10,549,null,inf,null,inf,null,inf,null,inf
550959,10,202,null,inf,null,inf,null,inf,null,inf
550960,10,599,null,inf,null,inf,null,inf,null,inf
550961,10,518,null,inf,null,inf,null,inf,null,inf
550962,10,462,null,inf,null,inf,null,inf,null,inf
550963,10,502,null,inf,null,inf,null,inf,null,inf
550964,10,899,null,inf,null,inf,null,inf,null,inf
550965,10,824,null,inf,null,inf,null,inf,null,inf
550972,15,815,null,inf,null,inf,null,inf,null,inf
550973,15,812,null,inf,null,inf,null,inf,null,inf
551050,18,201,null,inf,null,inf,null,inf,null,inf
551051,18,235,null,inf,null,inf,null,inf,null,inf
551226,11,806,null,inf,null,inf,null,inf,null,inf
551227,11,830,null,inf,null,inf,null,inf,null,inf
551229,11,469,null,inf,null,inf,null,inf,null,inf
551230,11,294,null,inf,null,inf,null,inf,null,inf
551231,11,511,null,inf,null,inf,null,inf,null,inf
551232,11,311,null,inf,null,inf,null,inf,null,inf
551233,11,287,null,inf,null,inf,null,inf,null,inf
551359,2,894,null,inf,null,inf,null,inf,null,inf
551363,2,775,null,inf,null,inf,null,inf,null,inf
551437,2,730,null,inf,null,inf,null,inf,null,inf
551470,15,907,null,inf,null,inf,null,inf,null,inf
551471,15,899,null,inf,null,inf,null,inf,null,inf
551473,15,475,null,inf,null,inf,null,inf,null,inf
551474,15,461,null,inf,null,inf,null,inf,null,inf
551525,15,527,null,inf,null,inf,null,inf,null,inf
551527,15,235,null,inf,null,inf,null,inf,null,inf
551568,9,1096,null,inf,null,inf,null,inf,null,inf
551569,9,970,null,inf,null,inf,null,inf,null,inf
551570,9,952,null,inf,null,inf,null,inf,null,inf
551571,9,1082,null,inf,null,inf,null,inf,null,inf
551572,9,786,null,inf,null,inf,null,inf,null,inf
551573,9,788,null,inf,null,inf,null,inf,null,inf
551574,9,530,null,inf,null,inf,null,inf,null,inf
551575,9,541,null,inf,null,inf,null,inf,null,inf
551580,9,878,null,inf,null,inf,null,inf,null,inf
551618,9,992,null,inf,null,inf,null,inf,null,inf
551619,9,892,null,inf,null,inf,null,inf,null,inf
551621,9,837,null,inf,null,inf,null,inf,null,inf
551622,9,761,null,inf,null,inf,null,inf,null,inf
551624,9,677,null,inf,null,inf,null,inf,null,inf
551625,9,586,null,inf,null,inf,null,inf,null,inf
551626,9,748,null,inf,null,inf,null,inf,null,inf
551627,9,626,null,inf,null,inf,null,inf,null,inf
551628,9,874,null,inf,null,inf,null,inf,null,inf
551629,9,756,null,inf,null,inf,null,inf,null,inf
551630,9,1088,null,inf,null,inf,null,inf,null,inf
551631,9,994,null,inf,null,inf,null,inf,null,inf
551633,9,1116,null,inf,null,inf,null,inf,null,inf
551653,10,794,null,inf,null,inf,null,inf,null,inf
551654,10,644,null,inf,null,inf,null,inf,null,inf
551655,10,772,null,inf,null,inf,null,inf,null,inf
551656,10,492,null,inf,null,inf,null,inf,null,inf
551657,10,216,null,inf,null,inf,null,inf,null,inf
551658,10,367,null,inf,null,inf,null,inf,null,inf
551659,10,425,null,inf,null,inf,null,inf,null,inf
551660,10,493,null,inf,null,inf,null,inf,null,inf
551661,10,616,null,inf,null,inf,null,inf,null,inf
551662,10,714,null,inf,null,inf,null,inf,null,inf
551663,10,770,11,882,null,inf,null,inf,null,inf
551664,11,731,null,inf,null,inf,null,inf,null,inf
551666,11,546,null,inf,null,inf,null,inf,null,inf
551668,11,585,null,inf,null,inf,null,inf,null,inf
551669,11,429,null,inf,null,inf,null,inf,null,inf
551671,11,937,null,inf,null,inf,null,inf,null,inf
551676,15,681,null,inf,null,inf,null,inf,null,inf
551678,15,506,null,inf,null,inf,null,inf,null,inf
551679,15,504,null,inf,null,inf,null,inf,null,inf
551692,11,930,10,938,null,inf,null,inf,null,inf
551693,10,573,null,inf,null,inf,null,inf,null,inf
551694,10,323,null,inf,null,inf,null,inf,null,inf
551695,10,469,null,inf,null,inf,null,inf,null,inf
551706,9,791,null,inf,null,inf,null,inf,null,inf
551743,20,808,null,inf,null,inf,null,inf,null,inf
551744,20,610,null,inf,null,inf,null,inf,null,inf
551745,20,606,null,inf,null,inf,null,inf,null,inf
551748,19,771,20,853,null,inf,null,inf,null,inf
551749,19,796,20,824,null,inf,null,inf,null,inf
551750,19,681,20,954,null,inf,null,inf,null,inf
551751,19,685,20,953,null,inf,null,inf,null,inf
551752,19,657,null,inf,null,inf,null,inf,null,inf
551753,19,653,null,inf,null,inf,null,inf,null,inf
551754,19,815,null,inf,null,inf,null,inf,null,inf
551758,18,874,19,931,null,inf,null,inf,null,inf
551761,18,578,null,inf,null,inf,null,inf,null,inf
551762,18,804,null,inf,null,inf,null,inf,null,inf
551793,18,786,null,inf,null,inf,null,inf,null,inf
551794,18,605,19,810,null,inf,null,inf,null,inf
551795,18,846,19,903,null,inf,null,inf,null,inf
551797,19,809,null,inf,null,inf,null,inf,null,inf
551798,20,858,null,inf,null,inf,null,inf,null,inf
551810,10,389,null,inf,null,inf,null,inf,null,inf
551811,10,494,null,inf,null,inf,null,inf,null,inf
551812,10,639,null,inf,null,inf,null,inf,null,inf
551813,10,786,null,inf,null,inf,null,inf,null,inf
551847,10,833,null,inf,null,inf,null,inf,null,inf
551848,10,685,null,inf,null,inf,null,inf,null,inf
551849,10,322,null,inf,null,inf,null,inf,null,inf
551856,9,1037,null,inf,null,inf,null,inf,null,inf
551861,9,999,null,inf,null,inf,null,inf,null,inf
551862,9,978,null,inf,null,inf,null,inf,null,inf
551863,9,1042,null,inf,null,inf,null,inf,null,inf
551864,9,870,null,inf,null,inf,null,inf,null,inf
551866,9,920,null,inf,null,inf,null,inf,null,inf
551917,9,1013,null,inf,null,inf,null,inf,null,inf
551923,2,660,null,inf,null,inf,null,inf,null,inf
551927,2,339,1,692,null,inf,null,inf,null,inf
551928,2,206,1,633,null,inf,null,inf,null,inf
551930,2,208,1,882,null,inf,null,inf,null,inf
551931,2,229,null,inf,null,inf,null,inf,null,inf
551932,2,376,null,inf,null,inf,null,inf,null,inf
551933,2,375,null,inf,null,inf,null,inf,null,inf
551934,2,533,null,inf,null,inf,null,inf,null,inf
551935,2,526,null,inf,null,inf,null,inf,null,inf
551936,2,696,null,inf,null,inf,null,inf,null,inf
551937,2,663,null,inf,null,inf,null,inf,null,inf
551984,2,907,null,inf,null,inf,null,inf,null,inf
551986,2,496,1,780,null,inf,null,inf,null,inf
552028,2,1041,null,inf,null,inf,null,inf,null,inf
552128,1,253,2,539,null,inf,null,inf,null,inf
552130,1,306,2,626,null,inf,null,inf,null,inf
552131,1,261,2,601,null,inf,null,inf,null,inf
552132,1,432,2,640,null,inf,null,inf,null,inf
552134,1,620,2,825,null,inf,null,inf,null,inf
552135,1,799,2,996,null,inf,null,inf,null,inf
552136,1,763,2,968,null,inf,null,inf,null,inf
552161,1,525,2,763,null,inf,null,inf,null,inf
552162,1,114,2,641,null,inf,null,inf,null,inf
552208,15,872,null,inf,null,inf,null,inf,null,inf
552216,30,707,null,inf,null,inf,null,inf,null,inf
552217,30,776,null,inf,null,inf,null,inf,null,inf
552218,30,567,null,inf,null,inf,null,inf,null,inf
552219,30,615,null,inf,null,inf,null,inf,null,inf
552220,30,479,null,inf,null,inf,null,inf,null,inf
552221,30,504,null,inf,null,inf,null,inf,null,inf
552224,30,305,null,inf,null,inf,null,inf,null,inf
552225,30,325,null,inf,null,inf,null,inf,null,inf
552226,30,314,null,inf,null,inf,null,inf,null,inf
552227,30,641,null,inf,null,inf,null,inf,null,inf
552228,30,350,null,inf,null,inf,null,inf,null,inf
552229,30,370,null,inf,null,inf,null,inf,null,inf
552230,30,345,null,inf,null,inf,null,inf,null,inf
552231,30,388,null,inf,null,inf,null,inf,null,inf
552232,30,386,null,inf,null,inf,null,inf,null,inf
552234,30,719,null,inf,null,inf,null,inf,null,inf
552235,30,782,null,inf,null,inf,null,inf,null,inf
552236,30,774,null,inf,null,inf,null,inf,null,inf
552245,31,762,null,inf,null,inf,null,inf,null,inf
552247,31,624,null,inf,null,inf,null,inf,null,inf
552248,31,491,null,inf,null,inf,null,inf,null,inf
552249,31,422,32,2006,null,inf,null,inf,null,inf
552250,31,374,32,2016,null,inf,null,inf,null,inf
552252,31,430,32,1885,null,inf,null,inf,null,inf
552253,30,294,null,inf,null,inf,null,inf,null,inf
552265,95,1048,null,inf,null,inf,null,inf,null,inf
552267,95,824,null,inf,null,inf,null,inf,null,inf
552268,95,850,null,inf,null,inf,null,inf,null,inf
552269,95,580,null,inf,null,inf,null,inf,null,inf
552270,95,602,null,inf,null,inf,null,inf,null,inf
552271,95,690,null,inf,null,inf,null,inf,null,inf
552272,95,685,null,inf,null,inf,null,inf,null,inf
552273,94,814,null,inf,null,inf,null,inf,null,inf
552274,94,851,null,inf,null,inf,null,inf,null,inf
552275,93,595,94,834,null,inf,null,inf,null,inf
552276,93,587,94,826,null,inf,null,inf,null,inf
552277,93,583,null,inf,null,inf,null,inf,null,inf
552278,93,823,null,inf,null,inf,null,inf,null,inf
552279,93,787,null,inf,null,inf,null,inf,null,inf
552291,86,959,null,inf,null,inf,null,inf,null,inf
552292,86,945,null,inf,null,inf,null,inf,null,inf
552293,86,952,null,inf,null,inf,null,inf,null,inf
552294,86,1013,null,inf,null,inf,null,inf,null,inf
552295,86,949,null,inf,null,inf,null,inf,null,inf
552296,86,959,null,inf,null,inf,null,inf,null,inf
552318,84,1027,null,inf,null,inf,null,inf,null,inf
552319,84,1053,null,inf,null,inf,null,inf,null,inf
552320,84,947,null,inf,null,inf,null,inf,null,inf
552321,84,949,null,inf,null,inf,null,inf,null,inf
552322,84,870,null,inf,null,inf,null,inf,null,inf
552323,84,897,null,inf,null,inf,null,inf,null,inf
552324,84,979,null,inf,null,inf,null,inf,null,inf
552325,84,1007,null,inf,null,inf,null,inf,null,inf
552326,84,1043,null,inf,null,inf,null,inf,null,inf
552327,84,1061,null,inf,null,inf,null,inf,null,inf
552363,15,888,null,inf,null,inf,null,inf,null,inf
552364,15,810,null,inf,null,inf,null,inf,null,inf
552365,15,861,null,inf,null,inf,null,inf,null,inf
552376,93,523,null,inf,null,inf,null,inf,null,inf
552397,15,1171,null,inf,null,inf,null,inf,null,inf
552398,15,1128,null,inf,null,inf,null,inf,null,inf
552399,15,667,null,inf,null,inf,null,inf,null,inf
552400,15,804,null,inf,null,inf,null,inf,null,inf
552401,15,756,null,inf,null,inf,null,inf,null,inf
552402,15,756,null,inf,null,inf,null,inf,null,inf
552403,15,912,null,inf,null,inf,null,inf,null,inf
552404,15,945,null,inf,null,inf,null,inf,null,inf
552405,15,1025,null,inf,null,inf,null,inf,null,inf
552406,15,1062,null,inf,null,inf,null,inf,null,inf
552407,15,1178,null,inf,null,inf,null,inf,null,inf
552409,15,683,null,inf,null,inf,null,inf,null,inf
552412,15,849,null,inf,null,inf,null,inf,null,inf
552413,15,761,null,inf,null,inf,null,inf,null,inf
552414,15,629,null,inf,null,inf,null,inf,null,inf
552433,99,1008,null,inf,null,inf,null,inf,null,inf
552437,99,1007,null,inf,null,inf,null,inf,null,inf
552439,99,885,null,inf,null,inf,null,inf,null,inf
552440,99,832,null,inf,null,inf,null,inf,null,inf
552441,99,764,null,inf,null,inf,null,inf,null,inf
552442,99,778,null,inf,null,inf,null,inf,null,inf
552443,99,704,null,inf,null,inf,null,inf,null,inf
552444,99,715,null,inf,null,inf,null,inf,null,inf
552445,99,547,null,inf,null,inf,null,inf,null,inf
552446,99,425,null,inf,null,inf,null,inf,null,inf
552448,99,260,98,783,null,inf,null,inf,null,inf
552449,99,208,98,699,null,inf,null,inf,null,inf
552450,99,244,98,735,null,inf,null,inf,null,inf
552451,99,397,98,841,null,inf,null,inf,null,inf
552452,99,396,98,840,null,inf,null,inf,null,inf
552453,99,597,98,640,null,inf,null,inf,null,inf
552454,98,530,99,538,null,inf,null,inf,null,inf
552455,98,391,99,468,null,inf,null,inf,null,inf
552456,98,237,99,573,97,700,null,inf,null,inf
552457,98,248,99,584,97,711,null,inf,null,inf
552463,97,416,98,811,null,inf,null,inf,null,inf
552464,97,411,98,806,null,inf,null,inf,null,inf
552465,97,546,96,785,null,inf,null,inf,null,inf
552466,96,604,97,724,null,inf,null,inf,null,inf
552467,96,624,97,714,null,inf,null,inf,null,inf
552468,96,747,97,851,null,inf,null,inf,null,inf
552469,96,881,97,895,null,inf,null,inf,null,inf
552470,96,993,97,1006,null,inf,null,inf,null,inf
552471,96,1167,null,inf,null,inf,null,inf,null,inf
552484,96,1122,null,inf,null,inf,null,inf,null,inf
552485,97,1019,96,1023,null,inf,null,inf,null,inf
552486,96,877,97,899,null,inf,null,inf,null,inf
552487,96,717,97,821,null,inf,null,inf,null,inf
552488,97,535,96,798,null,inf,null,inf,null,inf
552495,98,461,99,469,null,inf,null,inf,null,inf
552496,99,568,98,670,null,inf,null,inf,null,inf
552500,99,558,null,inf,null,inf,null,inf,null,inf
552551,84,273,null,inf,null,inf,null,inf,null,inf
552678,10,582,null,inf,null,inf,null,inf,null,inf
552679,10,645,null,inf,null,inf,null,inf,null,inf
552708,99,701,null,inf,null,inf,null,inf,null,inf
552821,10,560,null,inf,null,inf,null,inf,null,inf
552822,11,189,null,inf,null,inf,null,inf,null,inf
552903,23,673,null,inf,null,inf,null,inf,null,inf
552938,10,896,null,inf,null,inf,null,inf,null,inf
552939,10,880,null,inf,null,inf,null,inf,null,inf
552941,10,714,null,inf,null,inf,null,inf,null,inf
552942,10,699,null,inf,null,inf,null,inf,null,inf
552944,10,661,null,inf,null,inf,null,inf,null,inf
552945,10,692,null,inf,null,inf,null,inf,null,inf
552946,10,512,null,inf,null,inf,null,inf,null,inf
552947,10,929,null,inf,null,inf,null,inf,null,inf
552948,10,916,null,inf,null,inf,null,inf,null,inf
552951,10,496,null,inf,null,inf,null,inf,null,inf
552952,9,635,null,inf,null,inf,null,inf,null,inf
552981,17,970,null,inf,null,inf,null,inf,null,inf
553007,2,893,null,inf,null,inf,null,inf,null,inf
553024,9,1052,null,inf,null,inf,null,inf,null,inf
553038,30,521,null,inf,null,inf,null,inf,null,inf
553039,9,908,null,inf,null,inf,null,inf,null,inf
553046,10,779,null,inf,null,inf,null,inf,null,inf
553060,2,678,null,inf,null,inf,null,inf,null,inf
553117,18,378,null,inf,null,inf,null,inf,null,inf
553120,15,712,null,inf,null,inf,null,inf,null,inf
553124,30,406,null,inf,null,inf,null,inf,null,inf
553126,15,708,null,inf,null,inf,null,inf,null,inf
553127,15,687,null,inf,null,inf,null,inf,null,inf
553131,15,277,null,inf,null,inf,null,inf,null,inf
553132,15,542,null,inf,null,inf,null,inf,null,inf
553139,15,207,null,inf,null,inf,null,inf,null,inf
553156,11,132,null,inf,null,inf,null,inf,null,inf
553163,18,835,null,inf,null,inf,null,inf,null,inf
553164,18,840,null,inf,null,inf,null,inf,null,inf
553168,10,178,null,inf,null,inf,null,inf,null,inf
553169,10,695,null,inf,null,inf,null,inf,null,inf
553171,2,674,null,inf,null,inf,null,inf,null,inf
553172,2,720,null,inf,null,inf,null,inf,null,inf
553173,2,777,null,inf,null,inf,null,inf,null,inf
553174,2,917,null,inf,null,inf,null,inf,null,inf
553184,2,1051,null,inf,null,inf,null,inf,null,inf
553193,2,1020,null,inf,null,inf,null,inf,null,inf
553215,11,391,null,inf,null,inf,null,inf,null,inf
553236,15,929,null,inf,null,inf,null,inf,null,inf
553272,99,286,98,809,null,inf,null,inf,null,inf
553273,99,465,null,inf,null,inf,null,inf,null,inf
553278,15,147,null,inf,null,inf,null,inf,null,inf
553287,9,870,null,inf,null,inf,null,inf,null,inf
553288,9,437,null,inf,null,inf,null,inf,null,inf
553295,15,520,null,inf,null,inf,null,inf,null,inf
553305,9,667,null,inf,null,inf,null,inf,null,inf
553310,30,491,null,inf,null,inf,null,inf,null,inf
553332,9,180,null,inf,null,inf,null,inf,null,inf
553340,11,490,null,inf,null,inf,null,inf,null,inf
981012,8,912,null,inf,null,inf,null,inf,null,inf
982057,15,428,null,inf,null,inf,null,inf,null,inf
982058,2,141,1,635,null,inf,null,inf,null,inf
982064,15,901,null,inf,null,inf,null,inf,null,inf
982075,9,198,null,inf,null,inf,null,inf,null,inf
982086,15,868,null,inf,null,inf,null,inf,null,inf
982087,10,324,null,inf,null,inf,null,inf,null,inf
982095,15,204,null,inf,null,inf,null,inf,null,inf
982117,98,315,99,719,null,inf,null,inf,null,inf
982118,98,313,99,711,null,inf,null,inf,null,inf
982145,15,585,null,inf,null,inf,null,inf,null,inf
982150,99,559,null,inf,null,inf,null,inf,null,inf
982159,11,438,null,inf,null,inf,null,inf,null,inf
982161,11,518,null,inf,null,inf,null,inf,null,inf
982168,2,1056,null,inf,null,inf,null,inf,null,inf
982175,1,118,2,636,null,inf,null,inf,null,inf
982183,15,372,null,inf,null,inf,null,inf,null,inf
